都道府県番号,都道府県,年,性別,全年齢
0,全国,1995,男女計,125570246
0,全国,1995,男,61574398
0,全国,1995,女,63995848
1,北海道,1995,男女計,5692321
1,北海道,1995,男,2736844
1,北海道,1995,女,2955477
2,青森,1995,男女計,1481663
2,青森,1995,男,704189
2,青森,1995,女,777474
3,岩手,1995,男女計,1419505
3,岩手,1995,男,681986
3,岩手,1995,女,737519
4,宮城,1995,男女計,2328739
4,宮城,1995,男,1144739
4,宮城,1995,女,1184000
5,秋田,1995,男女計,1213667
5,秋田,1995,男,577535
5,秋田,1995,女,636132
6,山形,1995,男女計,1256958
6,山形,1995,男,607316
6,山形,1995,女,649642
7,福島,1995,男女計,2133592
7,福島,1995,男,1042030
7,福島,1995,女,1091562
8,茨城,1995,男女計,2955530
8,茨城,1995,男,1476437
8,茨城,1995,女,1479093
9,栃木,1995,男女計,1984390
9,栃木,1995,男,987426
9,栃木,1995,女,996964
10,群馬,1995,男女計,2003540
10,群馬,1995,男,989610
10,群馬,1995,女,1013930
11,埼玉,1995,男女計,6759311
11,埼玉,1995,男,3419218
11,埼玉,1995,女,3340093
12,千葉,1995,男女計,5797782
12,千葉,1995,男,2923839
12,千葉,1995,女,2873943
13,東京,1995,男女計,11773605
13,東京,1995,男,5892704
13,東京,1995,女,5880901
14,神奈川,1995,男女計,8245900
14,神奈川,1995,男,4209525
14,神奈川,1995,女,4036375
15,新潟,1995,男女計,2488364
15,新潟,1995,男,1209833
15,新潟,1995,女,1278531
16,富山,1995,男女計,1123125
16,富山,1995,男,540921
16,富山,1995,女,582204
17,石川,1995,男女計,1180068
17,石川,1995,男,570835
17,石川,1995,女,609233
18,福井,1995,男女計,826996
18,福井,1995,男,401860
18,福井,1995,女,425136
19,山梨,1995,男女計,881996
19,山梨,1995,男,434707
19,山梨,1995,女,447289
20,長野,1995,男女計,2193984
20,長野,1995,男,1070471
20,長野,1995,女,1123513
21,岐阜,1995,男女計,2100315
21,岐阜,1995,男,1019549
21,岐阜,1995,女,1080766
22,静岡,1995,男女計,3737689
22,静岡,1995,男,1841947
22,静岡,1995,女,1895742
23,愛知,1995,男女計,6868336
23,愛知,1995,男,3439180
23,愛知,1995,女,3429156
24,三重,1995,男女計,1841358
24,三重,1995,男,893982
24,三重,1995,女,947376
25,滋賀,1995,男女計,1287005
25,滋賀,1995,男,634648
25,滋賀,1995,女,652357
26,京都,1995,男女計,2629592
26,京都,1995,男,1276838
26,京都,1995,女,1352754
27,大阪,1995,男女計,8797268
27,大阪,1995,男,4321575
27,大阪,1995,女,4475693
28,兵庫,1995,男女計,5401877
28,兵庫,1995,男,2612369
28,兵庫,1995,女,2789508
29,奈良,1995,男女計,1430862
29,奈良,1995,男,688741
29,奈良,1995,女,742121
30,和歌山,1995,男女計,1080435
30,和歌山,1995,男,513450
30,和歌山,1995,女,566985
31,鳥取,1995,男女計,614929
31,鳥取,1995,男,294414
31,鳥取,1995,女,320515
32,島根,1995,男女計,771441
32,島根,1995,男,368789
32,島根,1995,女,402652
33,岡山,1995,男女計,1950750
33,岡山,1995,男,938439
33,岡山,1995,女,1012311
34,広島,1995,男女計,2881748
34,広島,1995,男,1398986
34,広島,1995,女,1482762
35,山口,1995,男女計,1555543
35,山口,1995,男,736555
35,山口,1995,女,818988
36,徳島,1995,男女計,832427
36,徳島,1995,男,395636
36,徳島,1995,女,436791
37,香川,1995,男女計,1027006
37,香川,1995,男,493482
37,香川,1995,女,533524
38,愛媛,1995,男女計,1506700
38,愛媛,1995,男,712518
38,愛媛,1995,女,794182
39,高知,1995,男女計,816704
39,高知,1995,男,384446
39,高知,1995,女,432258
40,福岡,1995,男女計,4933393
40,福岡,1995,男,2357525
40,福岡,1995,女,2575868
41,佐賀,1995,男女計,884316
41,佐賀,1995,男,418666
41,佐賀,1995,女,465650
42,長崎,1995,男女計,1544934
42,長崎,1995,男,726894
42,長崎,1995,女,818040
43,熊本,1995,男女計,1859793
43,熊本,1995,男,879873
43,熊本,1995,女,979920
44,大分,1995,男女計,1231306
44,大分,1995,男,581909
44,大分,1995,女,649397
45,宮崎,1995,男女計,1175819
45,宮崎,1995,男,556245
45,宮崎,1995,女,619574
46,鹿児島,1995,男女計,1794224
46,鹿児島,1995,男,840980
46,鹿児島,1995,女,953244
47,沖縄,1995,男女計,1273440
47,沖縄,1995,男,624737
47,沖縄,1995,女,648703
0,全国,1996,男女計,125864000
0,全国,1996,男,61687000
0,全国,1996,女,64177000
1,北海道,1996,男女計,5699000
1,北海道,1996,男,2738000
1,北海道,1996,女,2960000
2,青森,1996,男女計,1483000
2,青森,1996,男,705000
2,青森,1996,女,778000
3,岩手,1996,男女計,1420000
3,岩手,1996,男,682000
3,岩手,1996,女,738000
4,宮城,1996,男女計,2338000
4,宮城,1996,男,1148000
4,宮城,1996,女,1190000
5,秋田,1996,男女計,1210000
5,秋田,1996,男,576000
5,秋田,1996,女,634000
6,山形,1996,男女計,1256000
6,山形,1996,男,607000
6,山形,1996,女,649000
7,福島,1996,男女計,2136000
7,福島,1996,男,1043000
7,福島,1996,女,1093000
8,茨城,1996,男女計,2972000
8,茨城,1996,男,1484000
8,茨城,1996,女,1488000
9,栃木,1996,男女計,1993000
9,栃木,1996,男,991000
9,栃木,1996,女,1001000
10,群馬,1996,男女計,2011000
10,群馬,1996,男,993000
10,群馬,1996,女,1018000
11,埼玉,1996,男女計,6809000
11,埼玉,1996,男,3443000
11,埼玉,1996,女,3366000
12,千葉,1996,男女計,5824000
12,千葉,1996,男,2935000
12,千葉,1996,女,2889000
13,東京,1996,男女計,11772000
13,東京,1996,男,5884000
13,東京,1996,女,5888000
14,神奈川,1996,男女計,8282000
14,神奈川,1996,男,4221000
14,神奈川,1996,女,4061000
15,新潟,1996,男女計,2492000
15,新潟,1996,男,1212000
15,新潟,1996,女,1280000
16,富山,1996,男女計,1126000
16,富山,1996,男,542000
16,富山,1996,女,583000
17,石川,1996,男女計,1182000
17,石川,1996,男,572000
17,石川,1996,女,611000
18,福井,1996,男女計,829000
18,福井,1996,男,403000
18,福井,1996,女,426000
19,山梨,1996,男女計,886000
19,山梨,1996,男,437000
19,山梨,1996,女,449000
20,長野,1996,男女計,2206000
20,長野,1996,男,1077000
20,長野,1996,女,1130000
21,岐阜,1996,男女計,2107000
21,岐阜,1996,男,1022000
21,岐阜,1996,女,1084000
22,静岡,1996,男女計,3749000
22,静岡,1996,男,1847000
22,静岡,1996,女,1903000
23,愛知,1996,男女計,6897000
23,愛知,1996,男,3453000
23,愛知,1996,女,3445000
24,三重,1996,男女計,1849000
24,三重,1996,男,898000
24,三重,1996,女,951000
25,滋賀,1996,男女計,1298000
25,滋賀,1996,男,640000
25,滋賀,1996,女,658000
26,京都,1996,男女計,2631000
26,京都,1996,男,1277000
26,京都,1996,女,1354000
27,大阪,1996,男女計,8804000
27,大阪,1996,男,4323000
27,大阪,1996,女,4481000
28,兵庫,1996,男女計,5410000
28,兵庫,1996,男,2615000
28,兵庫,1996,女,2795000
29,奈良,1996,男女計,1439000
29,奈良,1996,男,692000
29,奈良,1996,女,747000
30,和歌山,1996,男女計,1080000
30,和歌山,1996,男,513000
30,和歌山,1996,女,567000
31,鳥取,1996,男女計,614000
31,鳥取,1996,男,294000
31,鳥取,1996,女,321000
32,島根,1996,男女計,770000
32,島根,1996,男,368000
32,島根,1996,女,402000
33,岡山,1996,男女計,1953000
33,岡山,1996,男,939000
33,岡山,1996,女,1014000
34,広島,1996,男女計,2882000
34,広島,1996,男,1398000
34,広島,1996,女,1484000
35,山口,1996,男女計,1551000
35,山口,1996,男,734000
35,山口,1996,女,817000
36,徳島,1996,男女計,832000
36,徳島,1996,男,395000
36,徳島,1996,女,437000
37,香川,1996,男女計,1028000
37,香川,1996,男,494000
37,香川,1996,女,534000
38,愛媛,1996,男女計,1505000
38,愛媛,1996,男,712000
38,愛媛,1996,女,793000
39,高知,1996,男女計,815000
39,高知,1996,男,383000
39,高知,1996,女,432000
40,福岡,1996,男女計,4952000
40,福岡,1996,男,2365000
40,福岡,1996,女,2587000
41,佐賀,1996,男女計,886000
41,佐賀,1996,男,419000
41,佐賀,1996,女,466000
42,長崎,1996,男女計,1541000
42,長崎,1996,男,725000
42,長崎,1996,女,817000
43,熊本,1996,男女計,1862000
43,熊本,1996,男,881000
43,熊本,1996,女,981000
44,大分,1996,男女計,1230000
44,大分,1996,男,581000
44,大分,1996,女,649000
45,宮崎,1996,男女計,1177000
45,宮崎,1996,男,557000
45,宮崎,1996,女,620000
46,鹿児島,1996,男女計,1793000
46,鹿児島,1996,男,840000
46,鹿児島,1996,女,953000
47,沖縄,1996,男女計,1283000
47,沖縄,1996,男,629000
47,沖縄,1996,女,653000
0,全国,1997,男女計,126166000
0,全国,1997,男,61805000
0,全国,1997,女,64361000
1,北海道,1997,男女計,5702000
1,北海道,1997,男,2738000
1,北海道,1997,女,2964000
2,青森,1997,男女計,1480000
2,青森,1997,男,703000
2,青森,1997,女,777000
3,岩手,1997,男女計,1418000
3,岩手,1997,男,681000
3,岩手,1997,女,737000
4,宮城,1997,男女計,2348000
4,宮城,1997,男,1152000
4,宮城,1997,女,1196000
5,秋田,1997,男女計,1206000
5,秋田,1997,男,573000
5,秋田,1997,女,632000
6,山形,1997,男女計,1255000
6,山形,1997,男,606000
6,山形,1997,女,649000
7,福島,1997,男女計,2137000
7,福島,1997,男,1044000
7,福島,1997,女,1093000
8,茨城,1997,男女計,2983000
8,茨城,1997,男,1489000
8,茨城,1997,女,1494000
9,栃木,1997,男女計,2001000
9,栃木,1997,男,995000
9,栃木,1997,女,1006000
10,群馬,1997,男女計,2018000
10,群馬,1997,男,996000
10,群馬,1997,女,1021000
11,埼玉,1997,男女計,6852000
11,埼玉,1997,男,3463000
11,埼玉,1997,女,3389000
12,千葉,1997,男女計,5852000
12,千葉,1997,男,2948000
12,千葉,1997,女,2905000
13,東京,1997,男女計,11808000
13,東京,1997,男,5897000
13,東京,1997,女,5911000
14,神奈川,1997,男女計,8325000
14,神奈川,1997,男,4238000
14,神奈川,1997,女,4088000
15,新潟,1997,男女計,2494000
15,新潟,1997,男,1213000
15,新潟,1997,女,1281000
16,富山,1997,男女計,1126000
16,富山,1997,男,543000
16,富山,1997,女,584000
17,石川,1997,男女計,1184000
17,石川,1997,男,572000
17,石川,1997,女,612000
18,福井,1997,男女計,829000
18,福井,1997,男,403000
18,福井,1997,女,426000
19,山梨,1997,男女計,889000
19,山梨,1997,男,438000
19,山梨,1997,女,451000
20,長野,1997,男女計,2213000
20,長野,1997,男,1081000
20,長野,1997,女,1133000
21,岐阜,1997,男女計,2111000
21,岐阜,1997,男,1025000
21,岐阜,1997,女,1086000
22,静岡,1997,男女計,3760000
22,静岡,1997,男,1851000
22,静岡,1997,女,1908000
23,愛知,1997,男女計,6932000
23,愛知,1997,男,3469000
23,愛知,1997,女,3463000
24,三重,1997,男女計,1855000
24,三重,1997,男,901000
24,三重,1997,女,954000
25,滋賀,1997,男女計,1311000
25,滋賀,1997,男,647000
25,滋賀,1997,女,664000
26,京都,1997,男女計,2631000
26,京都,1997,男,1276000
26,京都,1997,女,1355000
27,大阪,1997,男女計,8802000
27,大阪,1997,男,4318000
27,大阪,1997,女,4484000
28,兵庫,1997,男女計,5433000
28,兵庫,1997,男,2624000
28,兵庫,1997,女,2809000
29,奈良,1997,男女計,1444000
29,奈良,1997,男,694000
29,奈良,1997,女,750000
30,和歌山,1997,男女計,1078000
30,和歌山,1997,男,511000
30,和歌山,1997,女,567000
31,鳥取,1997,男女計,614000
31,鳥取,1997,男,294000
31,鳥取,1997,女,320000
32,島根,1997,男女計,768000
32,島根,1997,男,367000
32,島根,1997,女,401000
33,岡山,1997,男女計,1956000
33,岡山,1997,男,940000
33,岡山,1997,女,1016000
34,広島,1997,男女計,2883000
34,広島,1997,男,1397000
34,広島,1997,女,1485000
35,山口,1997,男女計,1547000
35,山口,1997,男,732000
35,山口,1997,女,815000
36,徳島,1997,男女計,831000
36,徳島,1997,男,395000
36,徳島,1997,女,436000
37,香川,1997,男女計,1028000
37,香川,1997,男,494000
37,香川,1997,女,534000
38,愛媛,1997,男女計,1504000
38,愛媛,1997,男,711000
38,愛媛,1997,女,793000
39,高知,1997,男女計,814000
39,高知,1997,男,382000
39,高知,1997,女,431000
40,福岡,1997,男女計,4970000
40,福岡,1997,男,2371000
40,福岡,1997,女,2599000
41,佐賀,1997,男女計,885000
41,佐賀,1997,男,419000
41,佐賀,1997,女,466000
42,長崎,1997,男女計,1536000
42,長崎,1997,男,722000
42,長崎,1997,女,814000
43,熊本,1997,男女計,1863000
43,熊本,1997,男,881000
43,熊本,1997,女,982000
44,大分,1997,男女計,1229000
44,大分,1997,男,580000
44,大分,1997,女,649000
45,宮崎,1997,男女計,1177000
45,宮崎,1997,男,556000
45,宮崎,1997,女,620000
46,鹿児島,1997,男女計,1792000
46,鹿児島,1997,男,840000
46,鹿児島,1997,女,953000
47,沖縄,1997,男女計,1291000
47,沖縄,1997,男,634000
47,沖縄,1997,女,658000
0,全国,1998,男女計,126486000
0,全国,1998,男,61919000
0,全国,1998,女,64568000
1,北海道,1998,男女計,5700000
1,北海道,1998,男,2733000
1,北海道,1998,女,2967000
2,青森,1998,男女計,1478000
2,青森,1998,男,701000
2,青森,1998,女,777000
3,岩手,1998,男女計,1416000
3,岩手,1998,男,680000
3,岩手,1998,女,737000
4,宮城,1998,男女計,2355000
4,宮城,1998,男,1154000
4,宮城,1998,女,1201000
5,秋田,1998,男女計,1201000
5,秋田,1998,男,570000
5,秋田,1998,女,631000
6,山形,1998,男女計,1253000
6,山形,1998,男,606000
6,山形,1998,女,647000
7,福島,1998,男女計,2137000
7,福島,1998,男,1044000
7,福島,1998,女,1093000
8,茨城,1998,男女計,2996000
8,茨城,1998,男,1495000
8,茨城,1998,女,1501000
9,栃木,1998,男女計,2008000
9,栃木,1998,男,998000
9,栃木,1998,女,1009000
10,群馬,1998,男女計,2025000
10,群馬,1998,男,1000000
10,群馬,1998,女,1025000
11,埼玉,1998,男女計,6894000
11,埼玉,1998,男,3483000
11,埼玉,1998,女,3411000
12,千葉,1998,男女計,5887000
12,千葉,1998,男,2963000
12,千葉,1998,女,2924000
13,東京,1998,男女計,11830000
13,東京,1998,男,5890000
13,東京,1998,女,5940000
14,神奈川,1998,男女計,8392000
14,神奈川,1998,男,4267000
14,神奈川,1998,女,4124000
15,新潟,1998,男女計,2494000
15,新潟,1998,男,1212000
15,新潟,1998,女,1281000
16,富山,1998,男女計,1126000
16,富山,1998,男,543000
16,富山,1998,女,584000
17,石川,1998,男女計,1185000
17,石川,1998,男,573000
17,石川,1998,女,612000
18,福井,1998,男女計,830000
18,福井,1998,男,403000
18,福井,1998,女,427000
19,山梨,1998,男女計,892000
19,山梨,1998,男,440000
19,山梨,1998,女,452000
20,長野,1998,男女計,2220000
20,長野,1998,男,1084000
20,長野,1998,女,1136000
21,岐阜,1998,男女計,2115000
21,岐阜,1998,男,1027000
21,岐阜,1998,女,1089000
22,静岡,1998,男女計,3770000
22,静岡,1998,男,1857000
22,静岡,1998,女,1913000
23,愛知,1998,男女計,6974000
23,愛知,1998,男,3491000
23,愛知,1998,女,3483000
24,三重,1998,男女計,1861000
24,三重,1998,男,903000
24,三重,1998,女,958000
25,滋賀,1998,男女計,1323000
25,滋賀,1998,男,653000
25,滋賀,1998,女,670000
26,京都,1998,男女計,2634000
26,京都,1998,男,1276000
26,京都,1998,女,1357000
27,大阪,1998,男女計,8804000
27,大阪,1998,男,4314000
27,大阪,1998,女,4491000
28,兵庫,1998,男女計,5461000
28,兵庫,1998,男,2636000
28,兵庫,1998,女,2825000
29,奈良,1998,男女計,1447000
29,奈良,1998,男,695000
29,奈良,1998,女,752000
30,和歌山,1998,男女計,1076000
30,和歌山,1998,男,510000
30,和歌山,1998,女,566000
31,鳥取,1998,男女計,615000
31,鳥取,1998,男,294000
31,鳥取,1998,女,321000
32,島根,1998,男女計,766000
32,島根,1998,男,366000
32,島根,1998,女,400000
33,岡山,1998,男女計,1958000
33,岡山,1998,男,941000
33,岡山,1998,女,1017000
34,広島,1998,男女計,2884000
34,広島,1998,男,1398000
34,広島,1998,女,1486000
35,山口,1998,男女計,1543000
35,山口,1998,男,729000
35,山口,1998,女,813000
36,徳島,1998,男女計,831000
36,徳島,1998,男,395000
36,徳島,1998,女,436000
37,香川,1998,男女計,1029000
37,香川,1998,男,494000
37,香川,1998,女,535000
38,愛媛,1998,男女計,1502000
38,愛媛,1998,男,710000
38,愛媛,1998,女,792000
39,高知,1998,男女計,812000
39,高知,1998,男,381000
39,高知,1998,女,431000
40,福岡,1998,男女計,4988000
40,福岡,1998,男,2378000
40,福岡,1998,女,2610000
41,佐賀,1998,男女計,884000
41,佐賀,1998,男,418000
41,佐賀,1998,女,466000
42,長崎,1998,男女計,1530000
42,長崎,1998,男,719000
42,長崎,1998,女,811000
43,熊本,1998,男女計,1865000
43,熊本,1998,男,882000
43,熊本,1998,女,983000
44,大分,1998,男女計,1228000
44,大分,1998,男,580000
44,大分,1998,女,648000
45,宮崎,1998,男女計,1176000
45,宮崎,1998,男,555000
45,宮崎,1998,女,621000
46,鹿児島,1998,男女計,1791000
46,鹿児島,1998,男,839000
46,鹿児島,1998,女,952000
47,沖縄,1998,男女計,1301000
47,沖縄,1998,男,639000
47,沖縄,1998,女,662000
0,全国,1999,男女計,126686000
0,全国,1999,男,61972000
0,全国,1999,女,64714000
1,北海道,1999,男女計,5695000
1,北海道,1999,男,2727000
1,北海道,1999,女,2967000
2,青森,1999,男女計,1475000
2,青森,1999,男,700000
2,青森,1999,女,776000
3,岩手,1999,男女計,1414000
3,岩手,1999,男,678000
3,岩手,1999,女,736000
4,宮城,1999,男女計,2360000
4,宮城,1999,男,1156000
4,宮城,1999,女,1205000
5,秋田,1999,男女計,1196000
5,秋田,1999,男,568000
5,秋田,1999,女,629000
6,山形,1999,男女計,1250000
6,山形,1999,男,604000
6,山形,1999,女,646000
7,福島,1999,男女計,2135000
7,福島,1999,男,1043000
7,福島,1999,女,1093000
8,茨城,1999,男女計,3002000
8,茨城,1999,男,1498000
8,茨城,1999,女,1505000
9,栃木,1999,男女計,2012000
9,栃木,1999,男,1001000
9,栃木,1999,女,1011000
10,群馬,1999,男女計,2030000
10,群馬,1999,男,1002000
10,群馬,1999,女,1027000
11,埼玉,1999,男女計,6929000
11,埼玉,1999,男,3500000
11,埼玉,1999,女,3429000
12,千葉,1999,男女計,5920000
12,千葉,1999,男,2979000
12,千葉,1999,女,2942000
13,東京,1999,男女計,11837000
13,東京,1999,男,5873000
13,東京,1999,女,5964000
14,神奈川,1999,男女計,8443000
14,神奈川,1999,男,4289000
14,神奈川,1999,女,4154000
15,新潟,1999,男女計,2490000
15,新潟,1999,男,1210000
15,新潟,1999,女,1280000
16,富山,1999,男女計,1125000
16,富山,1999,男,542000
16,富山,1999,女,583000
17,石川,1999,男女計,1186000
17,石川,1999,男,573000
17,石川,1999,女,612000
18,福井,1999,男女計,831000
18,福井,1999,男,403000
18,福井,1999,女,427000
19,山梨,1999,男女計,893000
19,山梨,1999,男,440000
19,山梨,1999,女,453000
20,長野,1999,男女計,2223000
20,長野,1999,男,1086000
20,長野,1999,女,1138000
21,岐阜,1999,男女計,2118000
21,岐阜,1999,男,1027000
21,岐阜,1999,女,1090000
22,静岡,1999,男女計,3776000
22,静岡,1999,男,1859000
22,静岡,1999,女,1917000
23,愛知,1999,男女計,7008000
23,愛知,1999,男,3507000
23,愛知,1999,女,3501000
24,三重,1999,男女計,1864000
24,三重,1999,男,905000
24,三重,1999,女,959000
25,滋賀,1999,男女計,1333000
25,滋賀,1999,男,658000
25,滋賀,1999,女,675000
26,京都,1999,男女計,2633000
26,京都,1999,男,1274000
26,京都,1999,女,1358000
27,大阪,1999,男女計,8801000
27,大阪,1999,男,4307000
27,大阪,1999,女,4494000
28,兵庫,1999,男女計,5484000
28,兵庫,1999,男,2645000
28,兵庫,1999,女,2839000
29,奈良,1999,男女計,1449000
29,奈良,1999,男,696000
29,奈良,1999,女,754000
30,和歌山,1999,男女計,1074000
30,和歌山,1999,男,509000
30,和歌山,1999,女,565000
31,鳥取,1999,男女計,614000
31,鳥取,1999,男,294000
31,鳥取,1999,女,320000
32,島根,1999,男女計,764000
32,島根,1999,男,365000
32,島根,1999,女,399000
33,岡山,1999,男女計,1959000
33,岡山,1999,男,941000
33,岡山,1999,女,1018000
34,広島,1999,男女計,2883000
34,広島,1999,男,1397000
34,広島,1999,女,1486000
35,山口,1999,男女計,1538000
35,山口,1999,男,727000
35,山口,1999,女,811000
36,徳島,1999,男女計,830000
36,徳島,1999,男,394000
36,徳島,1999,女,436000
37,香川,1999,男女計,1029000
37,香川,1999,男,495000
37,香川,1999,女,535000
38,愛媛,1999,男女計,1497000
38,愛媛,1999,男,707000
38,愛媛,1999,女,790000
39,高知,1999,男女計,810000
39,高知,1999,男,381000
39,高知,1999,女,430000
40,福岡,1999,男女計,5000000
40,福岡,1999,男,2383000
40,福岡,1999,女,2617000
41,佐賀,1999,男女計,884000
41,佐賀,1999,男,418000
41,佐賀,1999,女,466000
42,長崎,1999,男女計,1525000
42,長崎,1999,男,716000
42,長崎,1999,女,809000
43,熊本,1999,男女計,1865000
43,熊本,1999,男,881000
43,熊本,1999,女,983000
44,大分,1999,男女計,1226000
44,大分,1999,男,578000
44,大分,1999,女,648000
45,宮崎,1999,男女計,1176000
45,宮崎,1999,男,555000
45,宮崎,1999,女,620000
46,鹿児島,1999,男女計,1788000
46,鹿児島,1999,男,838000
46,鹿児島,1999,女,950000
47,沖縄,1999,男女計,1312000
47,沖縄,1999,男,644000
47,沖縄,1999,女,667000
0,全国,2000,男女計,126925843
0,全国,2000,男,62110764
0,全国,2000,女,64815079
1,北海道,2000,男女計,5683062
1,北海道,2000,男,2719389
1,北海道,2000,女,2963673
2,青森,2000,男女計,1475728
2,青森,2000,男,702573
2,青森,2000,女,773155
3,岩手,2000,男女計,1416180
3,岩手,2000,男,681238
3,岩手,2000,女,734942
4,宮城,2000,男女計,2365320
4,宮城,2000,男,1158622
4,宮城,2000,女,1206698
5,秋田,2000,男女計,1189279
5,秋田,2000,男,564556
5,秋田,2000,女,624723
6,山形,2000,男女計,1244147
6,山形,2000,男,601372
6,山形,2000,女,642775
7,福島,2000,男女計,2126935
7,福島,2000,男,1037787
7,福島,2000,女,1089148
8,茨城,2000,男女計,2985676
8,茨城,2000,男,1488340
8,茨城,2000,女,1497336
9,栃木,2000,男女計,2004817
9,栃木,2000,男,995859
9,栃木,2000,女,1008958
10,群馬,2000,男女計,2024852
10,群馬,2000,男,999349
10,群馬,2000,女,1025503
11,埼玉,2000,男女計,6938006
11,埼玉,2000,男,3500224
11,埼玉,2000,女,3437782
12,千葉,2000,男女計,5926285
12,千葉,2000,男,2976984
12,千葉,2000,女,2949301
13,東京,2000,男女計,12064101
13,東京,2000,男,6028562
13,東京,2000,女,6035539
14,神奈川,2000,男女計,8489974
14,神奈川,2000,男,4308786
14,神奈川,2000,女,4181188
15,新潟,2000,男女計,2475733
15,新潟,2000,男,1202004
15,新潟,2000,女,1273729
16,富山,2000,男女計,1120851
16,富山,2000,男,540212
16,富山,2000,女,580639
17,石川,2000,男女計,1180977
17,石川,2000,男,572244
17,石川,2000,女,608733
18,福井,2000,男女計,828944
18,福井,2000,男,402367
18,福井,2000,女,426577
19,山梨,2000,男女計,888172
19,山梨,2000,男,436837
19,山梨,2000,女,451335
20,長野,2000,男女計,2215168
20,長野,2000,男,1080986
20,長野,2000,女,1134182
21,岐阜,2000,男女計,2107700
21,岐阜,2000,男,1022186
21,岐阜,2000,女,1085514
22,静岡,2000,男女計,3767393
22,静岡,2000,男,1857031
22,静岡,2000,女,1910362
23,愛知,2000,男女計,7043300
23,愛知,2000,男,3525698
23,愛知,2000,女,3517602
24,三重,2000,男女計,1857339
24,三重,2000,男,901380
24,三重,2000,女,955959
25,滋賀,2000,男女計,1342832
25,滋賀,2000,男,663432
25,滋賀,2000,女,679400
26,京都,2000,男女計,2644391
26,京都,2000,男,1278142
26,京都,2000,女,1366249
27,大阪,2000,男女計,8805081
27,大阪,2000,男,4304059
27,大阪,2000,女,4501022
28,兵庫,2000,男女計,5550574
28,兵庫,2000,男,2674625
28,兵庫,2000,女,2875949
29,奈良,2000,男女計,1442795
29,奈良,2000,男,691098
29,奈良,2000,女,751697
30,和歌山,2000,男女計,1069912
30,和歌山,2000,男,506882
30,和歌山,2000,女,563030
31,鳥取,2000,男女計,613289
31,鳥取,2000,男,293403
31,鳥取,2000,女,319886
32,島根,2000,男女計,761503
32,島根,2000,男,363994
32,島根,2000,女,397509
33,岡山,2000,男女計,1950828
33,岡山,2000,男,936044
33,岡山,2000,女,1014784
34,広島,2000,男女計,2878915
34,広島,2000,男,1392496
34,広島,2000,女,1486419
35,山口,2000,男女計,1527964
35,山口,2000,男,722683
35,山口,2000,女,805281
36,徳島,2000,男女計,824108
36,徳島,2000,男,391718
36,徳島,2000,女,432390
37,香川,2000,男女計,1022890
37,香川,2000,男,491761
37,香川,2000,女,531129
38,愛媛,2000,男女計,1493092
38,愛媛,2000,男,704289
38,愛媛,2000,女,788803
39,高知,2000,男女計,813949
39,高知,2000,男,383859
39,高知,2000,女,430090
40,福岡,2000,男女計,5015699
40,福岡,2000,男,2388824
40,福岡,2000,女,2626875
41,佐賀,2000,男女計,876654
41,佐賀,2000,男,414377
41,佐賀,2000,女,462277
42,長崎,2000,男女計,1516523
42,長崎,2000,男,712346
42,長崎,2000,女,804177
43,熊本,2000,男女計,1859344
43,熊本,2000,男,878145
43,熊本,2000,女,981199
44,大分,2000,男女計,1221140
44,大分,2000,男,575985
44,大分,2000,女,645155
45,宮崎,2000,男女計,1170007
45,宮崎,2000,男,552160
45,宮崎,2000,女,617847
46,鹿児島,2000,男女計,1786194
46,鹿児島,2000,男,837979
46,鹿児島,2000,女,948215
47,沖縄,2000,男女計,1318220
47,沖縄,2000,男,647877
47,沖縄,2000,女,670343
0,全国,2001,男女計,127291000
0,全国,2001,男,62244000
0,全国,2001,女,65047000
1,北海道,2001,男女計,5679000
1,北海道,2001,男,2714000
1,北海道,2001,女,2965000
2,青森,2001,男女計,1474000
2,青森,2001,男,701000
2,青森,2001,女,773000
3,岩手,2001,男女計,1413000
3,岩手,2001,男,680000
3,岩手,2001,女,734000
4,宮城,2001,男女計,2371000
4,宮城,2001,男,1160000
4,宮城,2001,女,1211000
5,秋田,2001,男女計,1184000
5,秋田,2001,男,562000
5,秋田,2001,女,622000
6,山形,2001,男女計,1241000
6,山形,2001,男,599000
6,山形,2001,女,642000
7,福島,2001,男女計,2125000
7,福島,2001,男,1037000
7,福島,2001,女,1088000
8,茨城,2001,男女計,2992000
8,茨城,2001,男,1491000
8,茨城,2001,女,1501000
9,栃木,2001,男女計,2010000
9,栃木,2001,男,998000
9,栃木,2001,女,1012000
10,群馬,2001,男女計,2031000
10,群馬,2001,男,1002000
10,群馬,2001,女,1029000
11,埼玉,2001,男女計,6978000
11,埼玉,2001,男,3519000
11,埼玉,2001,女,3458000
12,千葉,2001,男女計,5968000
12,千葉,2001,男,2996000
12,千葉,2001,女,2973000
13,東京,2001,男女計,12138000
13,東京,2001,男,6049000
13,東京,2001,女,6090000
14,神奈川,2001,男女計,8570000
14,神奈川,2001,男,4345000
14,神奈川,2001,女,4225000
15,新潟,2001,男女計,2473000
15,新潟,2001,男,1200000
15,新潟,2001,女,1272000
16,富山,2001,男女計,1121000
16,富山,2001,男,540000
16,富山,2001,女,581000
17,石川,2001,男女計,1182000
17,石川,2001,男,573000
17,石川,2001,女,610000
18,福井,2001,男女計,830000
18,福井,2001,男,402000
18,福井,2001,女,427000
19,山梨,2001,男女計,890000
19,山梨,2001,男,438000
19,山梨,2001,女,452000
20,長野,2001,男女計,2223000
20,長野,2001,男,1086000
20,長野,2001,女,1138000
21,岐阜,2001,男女計,2111000
21,岐阜,2001,男,1024000
21,岐阜,2001,女,1087000
22,静岡,2001,男女計,3781000
22,静岡,2001,男,1864000
22,静岡,2001,女,1917000
23,愛知,2001,男女計,7087000
23,愛知,2001,男,3547000
23,愛知,2001,女,3540000
24,三重,2001,男女計,1861000
24,三重,2001,男,904000
24,三重,2001,女,958000
25,滋賀,2001,男女計,1353000
25,滋賀,2001,男,669000
25,滋賀,2001,女,685000
26,京都,2001,男女計,2646000
26,京都,2001,男,1277000
26,京都,2001,女,1368000
27,大阪,2001,男女計,8818000
27,大阪,2001,男,4304000
27,大阪,2001,女,4514000
28,兵庫,2001,男女計,5571000
28,兵庫,2001,男,2681000
28,兵庫,2001,女,2890000
29,奈良,2001,男女計,1442000
29,奈良,2001,男,690000
29,奈良,2001,女,752000
30,和歌山,2001,男女計,1066000
30,和歌山,2001,男,505000
30,和歌山,2001,女,562000
31,鳥取,2001,男女計,613000
31,鳥取,2001,男,293000
31,鳥取,2001,女,320000
32,島根,2001,男女計,761000
32,島根,2001,男,364000
32,島根,2001,女,397000
33,岡山,2001,男女計,1953000
33,岡山,2001,男,937000
33,岡山,2001,女,1016000
34,広島,2001,男女計,2879000
34,広島,2001,男,1392000
34,広島,2001,女,1487000
35,山口,2001,男女計,1524000
35,山口,2001,男,721000
35,山口,2001,女,803000
36,徳島,2001,男女計,822000
36,徳島,2001,男,391000
36,徳島,2001,女,432000
37,香川,2001,男女計,1022000
37,香川,2001,男,491000
37,香川,2001,女,531000
38,愛媛,2001,男女計,1491000
38,愛媛,2001,男,703000
38,愛媛,2001,女,788000
39,高知,2001,男女計,813000
39,高知,2001,男,383000
39,高知,2001,女,430000
40,福岡,2001,男女計,5032000
40,福岡,2001,男,2395000
40,福岡,2001,女,2637000
41,佐賀,2001,男女計,876000
41,佐賀,2001,男,414000
41,佐賀,2001,女,462000
42,長崎,2001,男女計,1513000
42,長崎,2001,男,711000
42,長崎,2001,女,803000
43,熊本,2001,男女計,1860000
43,熊本,2001,男,878000
43,熊本,2001,女,982000
44,大分,2001,男女計,1221000
44,大分,2001,男,575000
44,大分,2001,女,645000
45,宮崎,2001,男女計,1169000
45,宮崎,2001,男,551000
45,宮崎,2001,女,618000
46,鹿児島,2001,男女計,1783000
46,鹿児島,2001,男,836000
46,鹿児島,2001,女,947000
47,沖縄,2001,男女計,1329000
47,沖縄,2001,男,653000
47,沖縄,2001,女,676000
0,全国,2002,男女計,127435000
0,全国,2002,男,62252000
0,全国,2002,女,65183000
1,北海道,2002,男女計,5670000
1,北海道,2002,男,2707000
1,北海道,2002,女,2962000
2,青森,2002,男女計,1469000
2,青森,2002,男,698000
2,青森,2002,女,770000
3,岩手,2002,男女計,1407000
3,岩手,2002,男,676000
3,岩手,2002,女,732000
4,宮城,2002,男女計,2371000
4,宮城,2002,男,1158000
4,宮城,2002,女,1213000
5,秋田,2002,男女計,1176000
5,秋田,2002,男,557000
5,秋田,2002,女,619000
6,山形,2002,男女計,1235000
6,山形,2002,男,596000
6,山形,2002,女,639000
7,福島,2002,男女計,2120000
7,福島,2002,男,1033000
7,福島,2002,女,1086000
8,茨城,2002,男女計,2990000
8,茨城,2002,男,1488000
8,茨城,2002,女,1502000
9,栃木,2002,男女計,2010000
9,栃木,2002,男,998000
9,栃木,2002,女,1012000
10,群馬,2002,男女計,2032000
10,群馬,2002,男,1002000
10,群馬,2002,女,1031000
11,埼玉,2002,男女計,7001000
11,埼玉,2002,男,3528000
11,埼玉,2002,女,3473000
12,千葉,2002,男女計,5994000
12,千葉,2002,男,3006000
12,千葉,2002,女,2989000
13,東京,2002,男女計,12219000
13,東京,2002,男,6080000
13,東京,2002,女,6138000
14,神奈川,2002,男女計,8625000
14,神奈川,2002,男,4366000
14,神奈川,2002,女,4260000
15,新潟,2002,男女計,2465000
15,新潟,2002,男,1196000
15,新潟,2002,女,1270000
16,富山,2002,男女計,1119000
16,富山,2002,男,539000
16,富山,2002,女,580000
17,石川,2002,男女計,1180000
17,石川,2002,男,571000
17,石川,2002,女,609000
18,福井,2002,男女計,828000
18,福井,2002,男,401000
18,福井,2002,女,427000
19,山梨,2002,男女計,889000
19,山梨,2002,男,436000
19,山梨,2002,女,453000
20,長野,2002,男女計,2217000
20,長野,2002,男,1081000
20,長野,2002,女,1136000
21,岐阜,2002,男女計,2111000
21,岐阜,2002,男,1023000
21,岐阜,2002,女,1087000
22,静岡,2002,男女計,3786000
22,静岡,2002,男,1866000
22,静岡,2002,女,1920000
23,愛知,2002,男女計,7123000
23,愛知,2002,男,3562000
23,愛知,2002,女,3562000
24,三重,2002,男女計,1861000
24,三重,2002,男,903000
24,三重,2002,女,958000
25,滋賀,2002,男女計,1359000
25,滋賀,2002,男,671000
25,滋賀,2002,女,688000
26,京都,2002,男女計,2642000
26,京都,2002,男,1274000
26,京都,2002,女,1369000
27,大阪,2002,男女計,8815000
27,大阪,2002,男,4296000
27,大阪,2002,女,4519000
28,兵庫,2002,男女計,5578000
28,兵庫,2002,男,2680000
28,兵庫,2002,女,2898000
29,奈良,2002,男女計,1438000
29,奈良,2002,男,687000
29,奈良,2002,女,751000
30,和歌山,2002,男女計,1061000
30,和歌山,2002,男,502000
30,和歌山,2002,女,559000
31,鳥取,2002,男女計,612000
31,鳥取,2002,男,293000
31,鳥取,2002,女,319000
32,島根,2002,男女計,757000
32,島根,2002,男,361000
32,島根,2002,女,395000
33,岡山,2002,男女計,1953000
33,岡山,2002,男,936000
33,岡山,2002,女,1016000
34,広島,2002,男女計,2878000
34,広島,2002,男,1390000
34,広島,2002,女,1488000
35,山口,2002,男女計,1518000
35,山口,2002,男,717000
35,山口,2002,女,801000
36,徳島,2002,男女計,820000
36,徳島,2002,男,389000
36,徳島,2002,女,431000
37,香川,2002,男女計,1021000
37,香川,2002,男,490000
37,香川,2002,女,530000
38,愛媛,2002,男女計,1486000
38,愛媛,2002,男,701000
38,愛媛,2002,女,786000
39,高知,2002,男女計,810000
39,高知,2002,男,382000
39,高知,2002,女,428000
40,福岡,2002,男女計,5043000
40,福岡,2002,男,2397000
40,福岡,2002,女,2646000
41,佐賀,2002,男女計,874000
41,佐賀,2002,男,413000
41,佐賀,2002,女,461000
42,長崎,2002,男女計,1507000
42,長崎,2002,男,708000
42,長崎,2002,女,800000
43,熊本,2002,男女計,1858000
43,熊本,2002,男,877000
43,熊本,2002,女,981000
44,大分,2002,男女計,1219000
44,大分,2002,男,575000
44,大分,2002,女,645000
45,宮崎,2002,男女計,1167000
45,宮崎,2002,男,550000
45,宮崎,2002,女,617000
46,鹿児島,2002,男女計,1779000
46,鹿児島,2002,男,834000
46,鹿児島,2002,女,945000
47,沖縄,2002,男女計,1339000
47,沖縄,2002,男,658000
47,沖縄,2002,女,681000
0,全国,2003,男女計,127619000
0,全国,2003,男,62304000
0,全国,2003,女,65315000
1,北海道,2003,男女計,5659000
1,北海道,2003,男,2700000
1,北海道,2003,女,2959000
2,青森,2003,男女計,1462000
2,青森,2003,男,694000
2,青森,2003,女,767000
3,岩手,2003,男女計,1402000
3,岩手,2003,男,672000
3,岩手,2003,女,729000
4,宮城,2003,男女計,2373000
4,宮城,2003,男,1158000
4,宮城,2003,女,1215000
5,秋田,2003,男女計,1167000
5,秋田,2003,男,552000
5,秋田,2003,女,615000
6,山形,2003,男女計,1230000
6,山形,2003,男,593000
6,山形,2003,女,637000
7,福島,2003,男女計,2113000
7,福島,2003,男,1030000
7,福島,2003,女,1084000
8,茨城,2003,男女計,2991000
8,茨城,2003,男,1488000
8,茨城,2003,女,1503000
9,栃木,2003,男女計,2011000
9,栃木,2003,男,998000
9,栃木,2003,女,1013000
10,群馬,2003,男女計,2034000
10,群馬,2003,男,1002000
10,群馬,2003,女,1032000
11,埼玉,2003,男女計,7029000
11,埼玉,2003,男,3541000
11,埼玉,2003,女,3488000
12,千葉,2003,男女計,6024000
12,千葉,2003,男,3018000
12,千葉,2003,女,3006000
13,東京,2003,男女計,12310000
13,東京,2003,男,6120000
13,東京,2003,女,6190000
14,神奈川,2003,男女計,8687000
14,神奈川,2003,男,4392000
14,神奈川,2003,女,4295000
15,新潟,2003,男女計,2460000
15,新潟,2003,男,1192000
15,新潟,2003,女,1267000
16,富山,2003,男女計,1117000
16,富山,2003,男,538000
16,富山,2003,女,579000
17,石川,2003,男女計,1180000
17,石川,2003,男,571000
17,石川,2003,女,609000
18,福井,2003,男女計,827000
18,福井,2003,男,401000
18,福井,2003,女,426000
19,山梨,2003,男女計,887000
19,山梨,2003,男,435000
19,山梨,2003,女,452000
20,長野,2003,男女計,2215000
20,長野,2003,男,1079000
20,長野,2003,女,1136000
21,岐阜,2003,男女計,2111000
21,岐阜,2003,男,1023000
21,岐阜,2003,女,1088000
22,静岡,2003,男女計,3793000
22,静岡,2003,男,1869000
22,静岡,2003,女,1924000
23,愛知,2003,男女計,7158000
23,愛知,2003,男,3579000
23,愛知,2003,女,3579000
24,三重,2003,男女計,1862000
24,三重,2003,男,903000
24,三重,2003,女,959000
25,滋賀,2003,男女計,1366000
25,滋賀,2003,男,674000
25,滋賀,2003,女,692000
26,京都,2003,男女計,2641000
26,京都,2003,男,1272000
26,京都,2003,女,1369000
27,大阪,2003,男女計,8816000
27,大阪,2003,男,4290000
27,大阪,2003,女,4525000
28,兵庫,2003,男女計,5585000
28,兵庫,2003,男,2680000
28,兵庫,2003,女,2905000
29,奈良,2003,男女計,1436000
29,奈良,2003,男,685000
29,奈良,2003,女,750000
30,和歌山,2003,男女計,1056000
30,和歌山,2003,男,499000
30,和歌山,2003,女,557000
31,鳥取,2003,男女計,611000
31,鳥取,2003,男,292000
31,鳥取,2003,女,318000
32,島根,2003,男女計,753000
32,島根,2003,男,359000
32,島根,2003,女,394000
33,岡山,2003,男女計,1953000
33,岡山,2003,男,936000
33,岡山,2003,女,1017000
34,広島,2003,男女計,2878000
34,広島,2003,男,1390000
34,広島,2003,女,1488000
35,山口,2003,男女計,1512000
35,山口,2003,男,714000
35,山口,2003,女,798000
36,徳島,2003,男女計,817000
36,徳島,2003,男,388000
36,徳島,2003,女,429000
37,香川,2003,男女計,1020000
37,香川,2003,男,490000
37,香川,2003,女,530000
38,愛媛,2003,男女計,1483000
38,愛媛,2003,男,699000
38,愛媛,2003,女,784000
39,高知,2003,男女計,807000
39,高知,2003,男,380000
39,高知,2003,女,427000
40,福岡,2003,男女計,5051000
40,福岡,2003,男,2400000
40,福岡,2003,女,2651000
41,佐賀,2003,男女計,872000
41,佐賀,2003,男,412000
41,佐賀,2003,女,460000
42,長崎,2003,男女計,1501000
42,長崎,2003,男,705000
42,長崎,2003,女,797000
43,熊本,2003,男女計,1855000
43,熊本,2003,男,875000
43,熊本,2003,女,980000
44,大分,2003,男女計,1218000
44,大分,2003,男,573000
44,大分,2003,女,644000
45,宮崎,2003,男女計,1164000
45,宮崎,2003,男,548000
45,宮崎,2003,女,616000
46,鹿児島,2003,男女計,1775000
46,鹿児島,2003,男,832000
46,鹿児島,2003,女,943000
47,沖縄,2003,男女計,1349000
47,沖縄,2003,男,663000
47,沖縄,2003,女,686000
0,全国,2004,男女計,127687000
0,全国,2004,男,62295000
0,全国,2004,女,65392000
1,北海道,2004,男女計,5644000
1,北海道,2004,男,2689000
1,北海道,2004,女,2955000
2,青森,2004,男女計,1452000
2,青森,2004,男,689000
2,青森,2004,女,764000
3,岩手,2004,男女計,1395000
3,岩手,2004,男,669000
3,岩手,2004,女,726000
4,宮城,2004,男女計,2371000
4,宮城,2004,男,1156000
4,宮城,2004,女,1216000
5,秋田,2004,男女計,1159000
5,秋田,2004,男,548000
5,秋田,2004,女,611000
6,山形,2004,男女計,1223000
6,山形,2004,男,589000
6,山形,2004,女,634000
7,福島,2004,男女計,2106000
7,福島,2004,男,1025000
7,福島,2004,女,1081000
8,茨城,2004,男女計,2989000
8,茨城,2004,男,1486000
8,茨城,2004,女,1503000
9,栃木,2004,男女計,2013000
9,栃木,2004,男,998000
9,栃木,2004,女,1014000
10,群馬,2004,男女計,2033000
10,群馬,2004,男,1002000
10,群馬,2004,女,1031000
11,埼玉,2004,男女計,7047000
11,埼玉,2004,男,3548000
11,埼玉,2004,女,3499000
12,千葉,2004,男女計,6039000
12,千葉,2004,男,3023000
12,千葉,2004,女,3017000
13,東京,2004,男女計,12378000
13,東京,2004,男,6148000
13,東京,2004,女,6231000
14,神奈川,2004,男女計,8732000
14,神奈川,2004,男,4408000
14,神奈川,2004,女,4324000
15,新潟,2004,男女計,2452000
15,新潟,2004,男,1188000
15,新潟,2004,女,1264000
16,富山,2004,男女計,1117000
16,富山,2004,男,538000
16,富山,2004,女,579000
17,石川,2004,男女計,1179000
17,石川,2004,男,570000
17,石川,2004,女,609000
18,福井,2004,男女計,825000
18,福井,2004,男,399000
18,福井,2004,女,425000
19,山梨,2004,男女計,886000
19,山梨,2004,男,434000
19,山梨,2004,女,452000
20,長野,2004,男女計,2211000
20,長野,2004,男,1077000
20,長野,2004,女,1135000
21,岐阜,2004,男女計,2110000
21,岐阜,2004,男,1022000
21,岐阜,2004,女,1088000
22,静岡,2004,男女計,3795000
22,静岡,2004,男,1870000
22,静岡,2004,女,1925000
23,愛知,2004,男女計,7192000
23,愛知,2004,男,3596000
23,愛知,2004,女,3596000
24,三重,2004,男女計,1864000
24,三重,2004,男,904000
24,三重,2004,女,960000
25,滋賀,2004,男女計,1372000
25,滋賀,2004,男,676000
25,滋賀,2004,女,696000
26,京都,2004,男女計,2638000
26,京都,2004,男,1270000
26,京都,2004,女,1369000
27,大阪,2004,男女計,8814000
27,大阪,2004,男,4284000
27,大阪,2004,女,4530000
28,兵庫,2004,男女計,5587000
28,兵庫,2004,男,2678000
28,兵庫,2004,女,2909000
29,奈良,2004,男女計,1431000
29,奈良,2004,男,683000
29,奈良,2004,女,748000
30,和歌山,2004,男女計,1050000
30,和歌山,2004,男,496000
30,和歌山,2004,女,554000
31,鳥取,2004,男女計,609000
31,鳥取,2004,男,291000
31,鳥取,2004,女,318000
32,島根,2004,男女計,749000
32,島根,2004,男,357000
32,島根,2004,女,392000
33,岡山,2004,男女計,1952000
33,岡山,2004,男,936000
33,岡山,2004,女,1017000
34,広島,2004,男女計,2878000
34,広島,2004,男,1389000
34,広島,2004,女,1488000
35,山口,2004,男女計,1504000
35,山口,2004,男,711000
35,山口,2004,女,794000
36,徳島,2004,男女計,813000
36,徳島,2004,男,386000
36,徳島,2004,女,428000
37,香川,2004,男女計,1018000
37,香川,2004,男,489000
37,香川,2004,女,529000
38,愛媛,2004,男女計,1477000
38,愛媛,2004,男,696000
38,愛媛,2004,女,781000
39,高知,2004,男女計,803000
39,高知,2004,男,378000
39,高知,2004,女,425000
40,福岡,2004,男女計,5058000
40,福岡,2004,男,2402000
40,福岡,2004,女,2657000
41,佐賀,2004,男女計,870000
41,佐賀,2004,男,410000
41,佐賀,2004,女,459000
42,長崎,2004,男女計,1495000
42,長崎,2004,男,702000
42,長崎,2004,女,794000
43,熊本,2004,男女計,1852000
43,熊本,2004,男,873000
43,熊本,2004,女,979000
44,大分,2004,男女計,1215000
44,大分,2004,男,572000
44,大分,2004,女,643000
45,宮崎,2004,男女計,1162000
45,宮崎,2004,男,547000
45,宮崎,2004,女,615000
46,鹿児島,2004,男女計,1769000
46,鹿児島,2004,男,829000
46,鹿児島,2004,女,940000
47,沖縄,2004,男女計,1359000
47,沖縄,2004,男,667000
47,沖縄,2004,女,692000
0,全国,2005,男女計,127767994
0,全国,2005,男,62348977
0,全国,2005,女,65419017
1,北海道,2005,男女計,5627737
1,北海道,2005,男,2675033
1,北海道,2005,女,2952704
2,青森,2005,男女計,1436657
2,青森,2005,男,679077
2,青森,2005,女,757580
3,岩手,2005,男女計,1385041
3,岩手,2005,男,663580
3,岩手,2005,女,721461
4,宮城,2005,男女計,2360218
4,宮城,2005,男,1149172
4,宮城,2005,女,1211046
5,秋田,2005,男女計,1145501
5,秋田,2005,男,540539
5,秋田,2005,女,604962
6,山形,2005,男女計,1216181
6,山形,2005,男,585023
6,山形,2005,女,631158
7,福島,2005,男女計,2091319
7,福島,2005,男,1016724
7,福島,2005,女,1074595
8,茨城,2005,男女計,2975167
8,茨城,2005,男,1479941
8,茨城,2005,女,1495226
9,栃木,2005,男女計,2016631
9,栃木,2005,男,1002114
9,栃木,2005,女,1014517
10,群馬,2005,男女計,2024135
10,群馬,2005,男,996346
10,群馬,2005,女,1027789
11,埼玉,2005,男女計,7054243
11,埼玉,2005,男,3554843
11,埼玉,2005,女,3499400
12,千葉,2005,男女計,6056462
12,千葉,2005,男,3029486
12,千葉,2005,女,3026976
13,東京,2005,男女計,12576601
13,東京,2005,男,6264895
13,東京,2005,女,6311706
14,神奈川,2005,男女計,8791597
14,神奈川,2005,男,4444555
14,神奈川,2005,女,4347042
15,新潟,2005,男女計,2431459
15,新潟,2005,男,1176919
15,新潟,2005,女,1254540
16,富山,2005,男女計,1111729
16,富山,2005,男,535617
16,富山,2005,女,576112
17,石川,2005,男女計,1174026
17,石川,2005,男,567060
17,石川,2005,女,606966
18,福井,2005,男女計,821592
18,福井,2005,男,397271
18,福井,2005,女,424321
19,山梨,2005,男女計,884515
19,山梨,2005,男,433569
19,山梨,2005,女,450946
20,長野,2005,男女計,2196114
20,長野,2005,男,1068203
20,長野,2005,女,1127911
21,岐阜,2005,男女計,2107226
21,岐阜,2005,男,1020570
21,岐阜,2005,女,1086656
22,静岡,2005,男女計,3792377
22,静岡,2005,男,1868458
22,静岡,2005,女,1923919
23,愛知,2005,男女計,7254704
23,愛知,2005,男,3638994
23,愛知,2005,女,3615710
24,三重,2005,男女計,1866963
24,三重,2005,男,907214
24,三重,2005,女,959749
25,滋賀,2005,男女計,1380361
25,滋賀,2005,男,681474
25,滋賀,2005,女,698887
26,京都,2005,男女計,2647660
26,京都,2005,男,1272993
26,京都,2005,女,1374667
27,大阪,2005,男女計,8817166
27,大阪,2005,男,4280622
27,大阪,2005,女,4536544
28,兵庫,2005,男女計,5590601
28,兵庫,2005,男,2680288
28,兵庫,2005,女,2910313
29,奈良,2005,男女計,1421310
29,奈良,2005,男,676375
29,奈良,2005,女,744935
30,和歌山,2005,男女計,1035969
30,和歌山,2005,男,488022
30,和歌山,2005,女,547947
31,鳥取,2005,男女計,607012
31,鳥取,2005,男,290190
31,鳥取,2005,女,316822
32,島根,2005,男女計,742223
32,島根,2005,男,353703
32,島根,2005,女,388520
33,岡山,2005,男女計,1957264
33,岡山,2005,男,938600
33,岡山,2005,女,1018664
34,広島,2005,男女計,2876642
34,広島,2005,男,1390190
34,広島,2005,女,1486452
35,山口,2005,男女計,1492606
35,山口,2005,男,703721
35,山口,2005,女,788885
36,徳島,2005,男女計,809950
36,徳島,2005,男,384635
36,徳島,2005,女,425315
37,香川,2005,男女計,1012400
37,香川,2005,男,486108
37,香川,2005,女,526292
38,愛媛,2005,男女計,1467815
38,愛媛,2005,男,691677
38,愛媛,2005,女,776138
39,高知,2005,男女計,796292
39,高知,2005,男,374435
39,高知,2005,女,421857
40,福岡,2005,男女計,5049908
40,福岡,2005,男,2394094
40,福岡,2005,女,2655814
41,佐賀,2005,男女計,866369
41,佐賀,2005,男,408230
41,佐賀,2005,女,458139
42,長崎,2005,男女計,1478632
42,長崎,2005,男,691444
42,長崎,2005,女,787188
43,熊本,2005,男女計,1842233
43,熊本,2005,男,866916
43,熊本,2005,女,975317
44,大分,2005,男女計,1209571
44,大分,2005,男,569796
44,大分,2005,女,639775
45,宮崎,2005,男女計,1153042
45,宮崎,2005,男,542113
45,宮崎,2005,女,610929
46,鹿児島,2005,男女計,1753179
46,鹿児島,2005,男,819646
46,鹿児島,2005,女,933533
47,沖縄,2005,男女計,1361594
47,沖縄,2005,男,668502
47,沖縄,2005,女,693092
0,全国,2006,男女計,127770000
0,全国,2006,男,62330000
0,全国,2006,女,65440000
1,北海道,2006,男女計,5601000
1,北海道,2006,男,2657000
1,北海道,2006,女,2943000
2,青森,2006,男女計,1423000
2,青森,2006,男,671000
2,青森,2006,女,751000
3,岩手,2006,男女計,1375000
3,岩手,2006,男,658000
3,岩手,2006,女,717000
4,宮城,2006,男女計,2355000
4,宮城,2006,男,1145000
4,宮城,2006,女,1210000
5,秋田,2006,男女計,1134000
5,秋田,2006,男,534000
5,秋田,2006,女,599000
6,山形,2006,男女計,1208000
6,山形,2006,男,580000
6,山形,2006,女,627000
7,福島,2006,男女計,2080000
7,福島,2006,男,1011000
7,福島,2006,女,1069000
8,茨城,2006,男女計,2972000
8,茨城,2006,男,1479000
8,茨城,2006,女,1493000
9,栃木,2006,男女計,2015000
9,栃木,2006,男,1001000
9,栃木,2006,女,1014000
10,群馬,2006,男女計,2021000
10,群馬,2006,男,995000
10,群馬,2006,女,1026000
11,埼玉,2006,男女計,7071000
11,埼玉,2006,男,3561000
11,埼玉,2006,女,3510000
12,千葉,2006,男女計,6074000
12,千葉,2006,男,3036000
12,千葉,2006,女,3037000
13,東京,2006,男女計,12659000
13,東京,2006,男,6305000
13,東京,2006,女,6354000
14,神奈川,2006,男女計,8830000
14,神奈川,2006,男,4461000
14,神奈川,2006,女,4369000
15,新潟,2006,男女計,2418000
15,新潟,2006,男,1170000
15,新潟,2006,女,1248000
16,富山,2006,男女計,1110000
16,富山,2006,男,535000
16,富山,2006,女,575000
17,石川,2006,男女計,1172000
17,石川,2006,男,566000
17,石川,2006,女,606000
18,福井,2006,男女計,819000
18,福井,2006,男,396000
18,福井,2006,女,423000
19,山梨,2006,男女計,880000
19,山梨,2006,男,431000
19,山梨,2006,女,449000
20,長野,2006,男女計,2189000
20,長野,2006,男,1065000
20,長野,2006,女,1124000
21,岐阜,2006,男女計,2105000
21,岐阜,2006,男,1019000
21,岐阜,2006,女,1086000
22,静岡,2006,男女計,3797000
22,静岡,2006,男,1872000
22,静岡,2006,女,1925000
23,愛知,2006,男女計,7308000
23,愛知,2006,男,3670000
23,愛知,2006,女,3638000
24,三重,2006,男女計,1873000
24,三重,2006,男,911000
24,三重,2006,女,962000
25,滋賀,2006,男女計,1389000
25,滋賀,2006,男,687000
25,滋賀,2006,女,702000
26,京都,2006,男女計,2643000
26,京都,2006,男,1270000
26,京都,2006,女,1373000
27,大阪,2006,男女計,8815000
27,大阪,2006,男,4275000
27,大阪,2006,女,4540000
28,兵庫,2006,男女計,5590000
28,兵庫,2006,男,2678000
28,兵庫,2006,女,2912000
29,奈良,2006,男女計,1416000
29,奈良,2006,男,673000
29,奈良,2006,女,743000
30,和歌山,2006,男女計,1028000
30,和歌山,2006,男,484000
30,和歌山,2006,女,544000
31,鳥取,2006,男女計,604000
31,鳥取,2006,男,289000
31,鳥取,2006,女,315000
32,島根,2006,男女計,737000
32,島根,2006,男,351000
32,島根,2006,女,386000
33,岡山,2006,男女計,1955000
33,岡山,2006,男,937000
33,岡山,2006,女,1017000
34,広島,2006,男女計,2875000
34,広島,2006,男,1389000
34,広島,2006,女,1485000
35,山口,2006,男女計,1483000
35,山口,2006,男,699000
35,山口,2006,女,784000
36,徳島,2006,男女計,805000
36,徳島,2006,男,382000
36,徳島,2006,女,423000
37,香川,2006,男女計,1009000
37,香川,2006,男,484000
37,香川,2006,女,525000
38,愛媛,2006,男女計,1460000
38,愛媛,2006,男,688000
38,愛媛,2006,女,772000
39,高知,2006,男女計,789000
39,高知,2006,男,371000
39,高知,2006,女,419000
40,福岡,2006,男女計,5054000
40,福岡,2006,男,2395000
40,福岡,2006,女,2659000
41,佐賀,2006,男女計,863000
41,佐賀,2006,男,406000
41,佐賀,2006,女,457000
42,長崎,2006,男女計,1466000
42,長崎,2006,男,685000
42,長崎,2006,女,782000
43,熊本,2006,男女計,1836000
43,熊本,2006,男,864000
43,熊本,2006,女,973000
44,大分,2006,男女計,1206000
44,大分,2006,男,568000
44,大分,2006,女,638000
45,宮崎,2006,男女計,1148000
45,宮崎,2006,男,540000
45,宮崎,2006,女,609000
46,鹿児島,2006,男女計,1743000
46,鹿児島,2006,男,814000
46,鹿児島,2006,女,929000
47,沖縄,2006,男女計,1368000
47,沖縄,2006,男,671000
47,沖縄,2006,女,697000
0,全国,2007,男女計,127771000
0,全国,2007,男,62310000
0,全国,2007,女,65461000
1,北海道,2007,男女計,5570000
1,北海道,2007,男,2638000
1,北海道,2007,女,2933000
2,青森,2007,男女計,1407000
2,青森,2007,男,663000
2,青森,2007,女,744000
3,岩手,2007,男女計,1364000
3,岩手,2007,男,652000
3,岩手,2007,女,712000
4,宮城,2007,男女計,2347000
4,宮城,2007,男,1140000
4,宮城,2007,女,1208000
5,秋田,2007,男女計,1121000
5,秋田,2007,男,527000
5,秋田,2007,女,593000
6,山形,2007,男女計,1198000
6,山形,2007,男,575000
6,山形,2007,女,623000
7,福島,2007,男女計,2067000
7,福島,2007,男,1004000
7,福島,2007,女,1063000
8,茨城,2007,男女計,2969000
8,茨城,2007,男,1477000
8,茨城,2007,女,1492000
9,栃木,2007,男女計,2014000
9,栃木,2007,男,1001000
9,栃木,2007,女,1013000
10,群馬,2007,男女計,2016000
10,群馬,2007,男,993000
10,群馬,2007,女,1024000
11,埼玉,2007,男女計,7090000
11,埼玉,2007,男,3570000
11,埼玉,2007,女,3520000
12,千葉,2007,男女計,6098000
12,千葉,2007,男,3047000
12,千葉,2007,女,3051000
13,東京,2007,男女計,12758000
13,東京,2007,男,6354000
13,東京,2007,女,6405000
14,神奈川,2007,男女計,8880000
14,神奈川,2007,男,4484000
14,神奈川,2007,女,4396000
15,新潟,2007,男女計,2405000
15,新潟,2007,男,1163000
15,新潟,2007,女,1242000
16,富山,2007,男女計,1106000
16,富山,2007,男,533000
16,富山,2007,女,573000
17,石川,2007,男女計,1170000
17,石川,2007,男,565000
17,石川,2007,女,605000
18,福井,2007,男女計,816000
18,福井,2007,男,395000
18,福井,2007,女,421000
19,山梨,2007,男女計,877000
19,山梨,2007,男,429000
19,山梨,2007,女,447000
20,長野,2007,男女計,2180000
20,長野,2007,男,1060000
20,長野,2007,女,1120000
21,岐阜,2007,男女計,2104000
21,岐阜,2007,男,1019000
21,岐阜,2007,女,1085000
22,静岡,2007,男女計,3801000
22,静岡,2007,男,1875000
22,静岡,2007,女,1926000
23,愛知,2007,男女計,7360000
23,愛知,2007,男,3699000
23,愛知,2007,女,3661000
24,三重,2007,男女計,1876000
24,三重,2007,男,913000
24,三重,2007,女,963000
25,滋賀,2007,男女計,1396000
25,滋賀,2007,男,690000
25,滋賀,2007,女,706000
26,京都,2007,男女計,2635000
26,京都,2007,男,1266000
26,京都,2007,女,1370000
27,大阪,2007,男女計,8812000
27,大阪,2007,男,4269000
27,大阪,2007,女,4543000
28,兵庫,2007,男女計,5589000
28,兵庫,2007,男,2676000
28,兵庫,2007,女,2913000
29,奈良,2007,男女計,1410000
29,奈良,2007,男,669000
29,奈良,2007,女,741000
30,和歌山,2007,男女計,1019000
30,和歌山,2007,男,479000
30,和歌山,2007,女,540000
31,鳥取,2007,男女計,600000
31,鳥取,2007,男,286000
31,鳥取,2007,女,314000
32,島根,2007,男女計,731000
32,島根,2007,男,348000
32,島根,2007,女,383000
33,岡山,2007,男女計,1953000
33,岡山,2007,男,936000
33,岡山,2007,女,1016000
34,広島,2007,男女計,2873000
34,広島,2007,男,1389000
34,広島,2007,女,1485000
35,山口,2007,男女計,1474000
35,山口,2007,男,694000
35,山口,2007,女,780000
36,徳島,2007,男女計,800000
36,徳島,2007,男,380000
36,徳島,2007,女,420000
37,香川,2007,男女計,1006000
37,香川,2007,男,483000
37,香川,2007,女,523000
38,愛媛,2007,男女計,1452000
38,愛媛,2007,男,683000
38,愛媛,2007,女,769000
39,高知,2007,男女計,782000
39,高知,2007,男,366000
39,高知,2007,女,415000
40,福岡,2007,男女計,5056000
40,福岡,2007,男,2394000
40,福岡,2007,女,2662000
41,佐賀,2007,男女計,859000
41,佐賀,2007,男,404000
41,佐賀,2007,女,455000
42,長崎,2007,男女計,1453000
42,長崎,2007,男,678000
42,長崎,2007,女,775000
43,熊本,2007,男女計,1828000
43,熊本,2007,男,859000
43,熊本,2007,女,968000
44,大分,2007,男女計,1203000
44,大分,2007,男,567000
44,大分,2007,女,636000
45,宮崎,2007,男女計,1143000
45,宮崎,2007,男,537000
45,宮崎,2007,女,606000
46,鹿児島,2007,男女計,1730000
46,鹿児島,2007,男,807000
46,鹿児島,2007,女,923000
47,沖縄,2007,男女計,1373000
47,沖縄,2007,男,673000
47,沖縄,2007,女,700000
0,全国,2008,男女計,127692000
0,全国,2008,男,62251000
0,全国,2008,女,65441000
1,北海道,2008,男女計,5535000
1,北海道,2008,男,2616000
1,北海道,2008,女,2920000
2,青森,2008,男女計,1392000
2,青森,2008,男,654000
2,青森,2008,女,738000
3,岩手,2008,男女計,1352000
3,岩手,2008,男,645000
3,岩手,2008,女,707000
4,宮城,2008,男女計,2340000
4,宮城,2008,男,1135000
4,宮城,2008,女,1205000
5,秋田,2008,男女計,1108000
5,秋田,2008,男,521000
5,秋田,2008,女,587000
6,山形,2008,男女計,1188000
6,山形,2008,男,570000
6,山形,2008,女,618000
7,福島,2008,男女計,2052000
7,福島,2008,男,996000
7,福島,2008,女,1056000
8,茨城,2008,男女計,2964000
8,茨城,2008,男,1475000
8,茨城,2008,女,1489000
9,栃木,2008,男女計,2011000
9,栃木,2008,男,1000000
9,栃木,2008,女,1011000
10,群馬,2008,男女計,2012000
10,群馬,2008,男,990000
10,群馬,2008,女,1022000
11,埼玉,2008,男女計,7113000
11,埼玉,2008,男,3580000
11,埼玉,2008,女,3533000
12,千葉,2008,男女計,6122000
12,千葉,2008,男,3058000
12,千葉,2008,女,3064000
13,東京,2008,男女計,12838000
13,東京,2008,男,6393000
13,東京,2008,女,6446000
14,神奈川,2008,男女計,8917000
14,神奈川,2008,男,4500000
14,神奈川,2008,女,4417000
15,新潟,2008,男女計,2391000
15,新潟,2008,男,1156000
15,新潟,2008,女,1235000
16,富山,2008,男女計,1101000
16,富山,2008,男,531000
16,富山,2008,女,571000
17,石川,2008,男女計,1168000
17,石川,2008,男,564000
17,石川,2008,女,604000
18,福井,2008,男女計,812000
18,福井,2008,男,393000
18,福井,2008,女,419000
19,山梨,2008,男女計,871000
19,山梨,2008,男,426000
19,山梨,2008,女,445000
20,長野,2008,男女計,2171000
20,長野,2008,男,1055000
20,長野,2008,女,1115000
21,岐阜,2008,男女計,2100000
21,岐阜,2008,男,1017000
21,岐阜,2008,女,1083000
22,静岡,2008,男女計,3800000
22,静岡,2008,男,1875000
22,静岡,2008,女,1925000
23,愛知,2008,男女計,7403000
23,愛知,2008,男,3723000
23,愛知,2008,女,3680000
24,三重,2008,男女計,1875000
24,三重,2008,男,913000
24,三重,2008,女,962000
25,滋賀,2008,男女計,1402000
25,滋賀,2008,男,694000
25,滋賀,2008,女,708000
26,京都,2008,男女計,2629000
26,京都,2008,男,1262000
26,京都,2008,女,1367000
27,大阪,2008,男女計,8806000
27,大阪,2008,男,4263000
27,大阪,2008,女,4543000
28,兵庫,2008,男女計,5586000
28,兵庫,2008,男,2674000
28,兵庫,2008,女,2912000
29,奈良,2008,男女計,1404000
29,奈良,2008,男,666000
29,奈良,2008,女,738000
30,和歌山,2008,男女計,1012000
30,和歌山,2008,男,475000
30,和歌山,2008,女,536000
31,鳥取,2008,男女計,595000
31,鳥取,2008,男,284000
31,鳥取,2008,女,311000
32,島根,2008,男女計,725000
32,島根,2008,男,345000
32,島根,2008,女,380000
33,岡山,2008,男女計,1948000
33,岡山,2008,男,934000
33,岡山,2008,女,1014000
34,広島,2008,男女計,2869000
34,広島,2008,男,1387000
34,広島,2008,女,1482000
35,山口,2008,男女計,1463000
35,山口,2008,男,689000
35,山口,2008,女,774000
36,徳島,2008,男女計,794000
36,徳島,2008,男,377000
36,徳島,2008,女,417000
37,香川,2008,男女計,1003000
37,香川,2008,男,481000
37,香川,2008,女,521000
38,愛媛,2008,男女計,1444000
38,愛媛,2008,男,679000
38,愛媛,2008,女,765000
39,高知,2008,男女計,773000
39,高知,2008,男,362000
39,高知,2008,女,411000
40,福岡,2008,男女計,5054000
40,福岡,2008,男,2392000
40,福岡,2008,女,2663000
41,佐賀,2008,男女計,856000
41,佐賀,2008,男,402000
41,佐賀,2008,女,454000
42,長崎,2008,男女計,1440000
42,長崎,2008,男,671000
42,長崎,2008,女,769000
43,熊本,2008,男女計,1821000
43,熊本,2008,男,856000
43,熊本,2008,女,965000
44,大分,2008,男女計,1200000
44,大分,2008,男,566000
44,大分,2008,女,635000
45,宮崎,2008,男女計,1136000
45,宮崎,2008,男,533000
45,宮崎,2008,女,603000
46,鹿児島,2008,男女計,1717000
46,鹿児島,2008,男,800000
46,鹿児島,2008,女,917000
47,沖縄,2008,男女計,1376000
47,沖縄,2008,男,674000
47,沖縄,2008,女,702000
0,全国,2009,男女計,127510000
0,全国,2009,男,62130000
0,全国,2009,女,65380000
1,北海道,2009,男女計,5507000
1,北海道,2009,男,2599000
1,北海道,2009,女,2908000
2,青森,2009,男女計,1379000
2,青森,2009,男,648000
2,青森,2009,女,731000
3,岩手,2009,男女計,1340000
3,岩手,2009,男,639000
3,岩手,2009,女,701000
4,宮城,2009,男女計,2336000
4,宮城,2009,男,1132000
4,宮城,2009,女,1204000
5,秋田,2009,男女計,1096000
5,秋田,2009,男,514000
5,秋田,2009,女,581000
6,山形,2009,男女計,1179000
6,山形,2009,男,565000
6,山形,2009,女,613000
7,福島,2009,男女計,2040000
7,福島,2009,男,989000
7,福島,2009,女,1051000
8,茨城,2009,男女計,2960000
8,茨城,2009,男,1473000
8,茨城,2009,女,1488000
9,栃木,2009,男女計,2006000
9,栃木,2009,男,997000
9,栃木,2009,女,1009000
10,群馬,2009,男女計,2007000
10,群馬,2009,男,988000
10,群馬,2009,女,1020000
11,埼玉,2009,男女計,7130000
11,埼玉,2009,男,3586000
11,埼玉,2009,女,3544000
12,千葉,2009,男女計,6139000
12,千葉,2009,男,3066000
12,千葉,2009,女,3073000
13,東京,2009,男女計,12868000
13,東京,2009,男,6403000
13,東京,2009,女,6466000
14,神奈川,2009,男女計,8943000
14,神奈川,2009,男,4508000
14,神奈川,2009,女,4436000
15,新潟,2009,男女計,2378000
15,新潟,2009,男,1149000
15,新潟,2009,女,1229000
16,富山,2009,男女計,1095000
16,富山,2009,男,528000
16,富山,2009,女,568000
17,石川,2009,男女計,1165000
17,石川,2009,男,562000
17,石川,2009,女,603000
18,福井,2009,男女計,808000
18,福井,2009,男,390000
18,福井,2009,女,418000
19,山梨,2009,男女計,867000
19,山梨,2009,男,424000
19,山梨,2009,女,443000
20,長野,2009,男女計,2159000
20,長野,2009,男,1049000
20,長野,2009,女,1110000
21,岐阜,2009,男女計,2092000
21,岐阜,2009,男,1013000
21,岐阜,2009,女,1079000
22,静岡,2009,男女計,3792000
22,静岡,2009,男,1870000
22,静岡,2009,女,1922000
23,愛知,2009,男女計,7418000
23,愛知,2009,男,3729000
23,愛知,2009,女,3689000
24,三重,2009,男女計,1870000
24,三重,2009,男,910000
24,三重,2009,女,960000
25,滋賀,2009,男女計,1405000
25,滋賀,2009,男,695000
25,滋賀,2009,女,710000
26,京都,2009,男女計,2622000
26,京都,2009,男,1258000
26,京都,2009,女,1364000
27,大阪,2009,男女計,8801000
27,大阪,2009,男,4258000
27,大阪,2009,女,4542000
28,兵庫,2009,男女計,5583000
28,兵庫,2009,男,2671000
28,兵庫,2009,女,2912000
29,奈良,2009,男女計,1399000
29,奈良,2009,男,663000
29,奈良,2009,女,736000
30,和歌山,2009,男女計,1004000
30,和歌山,2009,男,471000
30,和歌山,2009,女,533000
31,鳥取,2009,男女計,591000
31,鳥取,2009,男,282000
31,鳥取,2009,女,309000
32,島根,2009,男女計,718000
32,島根,2009,男,342000
32,島根,2009,女,376000
33,岡山,2009,男女計,1942000
33,岡山,2009,男,931000
33,岡山,2009,女,1011000
34,広島,2009,男女計,2863000
34,広島,2009,男,1383000
34,広島,2009,女,1480000
35,山口,2009,男女計,1455000
35,山口,2009,男,685000
35,山口,2009,女,770000
36,徳島,2009,男女計,789000
36,徳島,2009,男,374000
36,徳島,2009,女,415000
37,香川,2009,男女計,999000
37,香川,2009,男,479000
37,香川,2009,女,520000
38,愛媛,2009,男女計,1436000
38,愛媛,2009,男,675000
38,愛媛,2009,女,761000
39,高知,2009,男女計,766000
39,高知,2009,男,359000
39,高知,2009,女,408000
40,福岡,2009,男女計,5053000
40,福岡,2009,男,2390000
40,福岡,2009,女,2663000
41,佐賀,2009,男女計,852000
41,佐賀,2009,男,400000
41,佐賀,2009,女,452000
42,長崎,2009,男女計,1430000
42,長崎,2009,男,667000
42,長崎,2009,女,763000
43,熊本,2009,男女計,1814000
43,熊本,2009,男,852000
43,熊本,2009,女,961000
44,大分,2009,男女計,1195000
44,大分,2009,男,563000
44,大分,2009,女,632000
45,宮崎,2009,男女計,1132000
45,宮崎,2009,男,531000
45,宮崎,2009,女,601000
46,鹿児島,2009,男女計,1708000
46,鹿児島,2009,男,796000
46,鹿児島,2009,女,912000
47,沖縄,2009,男女計,1382000
47,沖縄,2009,男,677000
47,沖縄,2009,女,705000
0,全国,2010,男女計,128057352
0,全国,2010,男,62327737
0,全国,2010,女,65729615
1,北海道,2010,男女計,5506419
1,北海道,2010,男,2603345
1,北海道,2010,女,2903074
2,青森,2010,男女計,1373339
2,青森,2010,男,646141
2,青森,2010,女,727198
3,岩手,2010,男女計,1330147
3,岩手,2010,男,634971
3,岩手,2010,女,695176
4,宮城,2010,男女計,2348165
4,宮城,2010,男,1139566
4,宮城,2010,女,1208599
5,秋田,2010,男女計,1085997
5,秋田,2010,男,509926
5,秋田,2010,女,576071
6,山形,2010,男女計,1168924
6,山形,2010,男,560643
6,山形,2010,女,608281
7,福島,2010,男女計,2029064
7,福島,2010,男,984682
7,福島,2010,女,1044382
8,茨城,2010,男女計,2969770
8,茨城,2010,男,1479779
8,茨城,2010,女,1489991
9,栃木,2010,男女計,2007683
9,栃木,2010,男,996855
9,栃木,2010,女,1010828
10,群馬,2010,男女計,2008068
10,群馬,2010,男,988019
10,群馬,2010,女,1020049
11,埼玉,2010,男女計,7194556
11,埼玉,2010,男,3608711
11,埼玉,2010,女,3585845
12,千葉,2010,男女計,6216289
12,千葉,2010,男,3098139
12,千葉,2010,女,3118150
13,東京,2010,男女計,13159388
13,東京,2010,男,6512110
13,東京,2010,女,6647278
14,神奈川,2010,男女計,9048331
14,神奈川,2010,男,4544545
14,神奈川,2010,女,4503786
15,新潟,2010,男女計,2374450
15,新潟,2010,男,1148236
15,新潟,2010,女,1226214
16,富山,2010,男女計,1093247
16,富山,2010,男,526605
16,富山,2010,女,566642
17,石川,2010,男女計,1169788
17,石川,2010,男,564972
17,石川,2010,女,604816
18,福井,2010,男女計,806314
18,福井,2010,男,389712
18,福井,2010,女,416602
19,山梨,2010,男女計,863075
19,山梨,2010,男,422526
19,山梨,2010,女,440549
20,長野,2010,男女計,2152449
20,長野,2010,男,1046178
20,長野,2010,女,1106271
21,岐阜,2010,男女計,2080773
21,岐阜,2010,男,1006247
21,岐阜,2010,女,1074526
22,静岡,2010,男女計,3765007
22,静岡,2010,男,1853952
22,静岡,2010,女,1911055
23,愛知,2010,男女計,7410719
23,愛知,2010,男,3704220
23,愛知,2010,女,3706499
24,三重,2010,男女計,1854724
24,三重,2010,男,903398
24,三重,2010,女,951326
25,滋賀,2010,男女計,1410777
25,滋賀,2010,男,696769
25,滋賀,2010,女,714008
26,京都,2010,男女計,2636092
26,京都,2010,男,1265387
26,京都,2010,女,1370705
27,大阪,2010,男女計,8865245
27,大阪,2010,男,4285566
27,大阪,2010,女,4579679
28,兵庫,2010,男女計,5588133
28,兵庫,2010,男,2673328
28,兵庫,2010,女,2914805
29,奈良,2010,男女計,1400728
29,奈良,2010,男,663321
29,奈良,2010,女,737407
30,和歌山,2010,男女計,1002198
30,和歌山,2010,男,471397
30,和歌山,2010,女,530801
31,鳥取,2010,男女計,588667
31,鳥取,2010,男,280701
31,鳥取,2010,女,307966
32,島根,2010,男女計,717397
32,島根,2010,男,342991
32,島根,2010,女,374406
33,岡山,2010,男女計,1945276
33,岡山,2010,男,933168
33,岡山,2010,女,1012108
34,広島,2010,男女計,2860750
34,広島,2010,男,1380671
34,広島,2010,女,1480079
35,山口,2010,男女計,1451338
35,山口,2010,男,684176
35,山口,2010,女,767162
36,徳島,2010,男女計,785491
36,徳島,2010,男,372710
36,徳島,2010,女,412781
37,香川,2010,男女計,995842
37,香川,2010,男,479951
37,香川,2010,女,515891
38,愛媛,2010,男女計,1431493
38,愛媛,2010,男,673326
38,愛媛,2010,女,758167
39,高知,2010,男女計,764456
39,高知,2010,男,359134
39,高知,2010,女,405322
40,福岡,2010,男女計,5071968
40,福岡,2010,男,2393965
40,福岡,2010,女,2678003
41,佐賀,2010,男女計,849788
41,佐賀,2010,男,400136
41,佐賀,2010,女,449652
42,長崎,2010,男女計,1426779
42,長崎,2010,男,665899
42,長崎,2010,女,760880
43,熊本,2010,男女計,1817426
43,熊本,2010,男,853514
43,熊本,2010,女,963912
44,大分,2010,男女計,1196529
44,大分,2010,男,564890
44,大分,2010,女,631639
45,宮崎,2010,男女計,1135233
45,宮崎,2010,男,533035
45,宮崎,2010,女,602198
46,鹿児島,2010,男女計,1706242
46,鹿児島,2010,男,796896
46,鹿児島,2010,女,909346
47,沖縄,2010,男女計,1392818
47,沖縄,2010,男,683328
47,沖縄,2010,女,709490
0,全国,2011,男女計,127799000
0,全国,2011,男,62184000
0,全国,2011,女,65615000
1,北海道,2011,男女計,5486000
1,北海道,2011,男,2591000
1,北海道,2011,女,2895000
2,青森,2011,男女計,1363000
2,青森,2011,男,641000
2,青森,2011,女,722000
3,岩手,2011,男女計,1314000
3,岩手,2011,男,627000
3,岩手,2011,女,687000
4,宮城,2011,男女計,2327000
4,宮城,2011,男,1130000
4,宮城,2011,女,1197000
5,秋田,2011,男女計,1075000
5,秋田,2011,男,505000
5,秋田,2011,女,570000
6,山形,2011,男女計,1161000
6,山形,2011,男,557000
6,山形,2011,女,604000
7,福島,2011,男女計,1990000
7,福島,2011,男,967000
7,福島,2011,女,1023000
8,茨城,2011,男女計,2958000
8,茨城,2011,男,1474000
8,茨城,2011,女,1483000
9,栃木,2011,男女計,2000000
9,栃木,2011,男,994000
9,栃木,2011,女,1006000
10,群馬,2011,男女計,2001000
10,群馬,2011,男,984000
10,群馬,2011,女,1016000
11,埼玉,2011,男女計,7207000
11,埼玉,2011,男,3612000
11,埼玉,2011,女,3595000
12,千葉,2011,男女計,6214000
12,千葉,2011,男,3096000
12,千葉,2011,女,3118000
13,東京,2011,男女計,13196000
13,東京,2011,男,6524000
13,東京,2011,女,6672000
14,神奈川,2011,男女計,9058000
14,神奈川,2011,男,4543000
14,神奈川,2011,女,4515000
15,新潟,2011,男女計,2362000
15,新潟,2011,男,1142000
15,新潟,2011,女,1220000
16,富山,2011,男女計,1088000
16,富山,2011,男,524000
16,富山,2011,女,563000
17,石川,2011,男女計,1166000
17,石川,2011,男,563000
17,石川,2011,女,603000
18,福井,2011,男女計,803000
18,福井,2011,男,388000
18,福井,2011,女,415000
19,山梨,2011,男女計,857000
19,山梨,2011,男,420000
19,山梨,2011,女,438000
20,長野,2011,男女計,2142000
20,長野,2011,男,1041000
20,長野,2011,女,1101000
21,岐阜,2011,男女計,2071000
21,岐阜,2011,男,1002000
21,岐阜,2011,女,1069000
22,静岡,2011,男女計,3749000
22,静岡,2011,男,1846000
22,静岡,2011,女,1903000
23,愛知,2011,男女計,7416000
23,愛知,2011,男,3705000
23,愛知,2011,女,3711000
24,三重,2011,男女計,1847000
24,三重,2011,男,900000
24,三重,2011,女,947000
25,滋賀,2011,男女計,1414000
25,滋賀,2011,男,698000
25,滋賀,2011,女,715000
26,京都,2011,男女計,2632000
26,京都,2011,男,1263000
26,京都,2011,女,1369000
27,大阪,2011,男女計,8861000
27,大阪,2011,男,4280000
27,大阪,2011,女,4581000
28,兵庫,2011,男女計,5582000
28,兵庫,2011,男,2669000
28,兵庫,2011,女,2913000
29,奈良,2011,男女計,1396000
29,奈良,2011,男,660000
29,奈良,2011,女,735000
30,和歌山,2011,男女計,995000
30,和歌山,2011,男,468000
30,和歌山,2011,女,527000
31,鳥取,2011,男女計,585000
31,鳥取,2011,男,279000
31,鳥取,2011,女,306000
32,島根,2011,男女計,712000
32,島根,2011,男,341000
32,島根,2011,女,372000
33,岡山,2011,男女計,1941000
33,岡山,2011,男,931000
33,岡山,2011,女,1010000
34,広島,2011,男女計,2855000
34,広島,2011,男,1378000
34,広島,2011,女,1477000
35,山口,2011,男女計,1442000
35,山口,2011,男,680000
35,山口,2011,女,762000
36,徳島,2011,男女計,780000
36,徳島,2011,男,370000
36,徳島,2011,女,410000
37,香川,2011,男女計,992000
37,香川,2011,男,478000
37,香川,2011,女,514000
38,愛媛,2011,男女計,1423000
38,愛媛,2011,男,670000
38,愛媛,2011,女,754000
39,高知,2011,男女計,758000
39,高知,2011,男,356000
39,高知,2011,女,402000
40,福岡,2011,男女計,5079000
40,福岡,2011,男,2397000
40,福岡,2011,女,2682000
41,佐賀,2011,男女計,847000
41,佐賀,2011,男,399000
41,佐賀,2011,女,448000
42,長崎,2011,男女計,1417000
42,長崎,2011,男,662000
42,長崎,2011,女,756000
43,熊本,2011,男女計,1813000
43,熊本,2011,男,852000
43,熊本,2011,女,961000
44,大分,2011,男女計,1191000
44,大分,2011,男,563000
44,大分,2011,女,629000
45,宮崎,2011,男女計,1131000
45,宮崎,2011,男,531000
45,宮崎,2011,女,600000
46,鹿児島,2011,男女計,1699000
46,鹿児島,2011,男,794000
46,鹿児島,2011,女,905000
47,沖縄,2011,男女計,1401000
47,沖縄,2011,男,687000
47,沖縄,2011,女,714000
0,全国,2012,男女計,127515000
0,全国,2012,男,62029000
0,全国,2012,女,65486000
1,北海道,2012,男女計,5460000
1,北海道,2012,男,2576000
1,北海道,2012,女,2884000
2,青森,2012,男女計,1350000
2,青森,2012,男,634000
2,青森,2012,女,715000
3,岩手,2012,男女計,1303000
3,岩手,2012,男,623000
3,岩手,2012,女,680000
4,宮城,2012,男女計,2325000
4,宮城,2012,男,1131000
4,宮城,2012,女,1194000
5,秋田,2012,男女計,1063000
5,秋田,2012,男,498000
5,秋田,2012,女,564000
6,山形,2012,男女計,1152000
6,山形,2012,男,553000
6,山形,2012,女,599000
7,福島,2012,男女計,1962000
7,福島,2012,男,954000
7,福島,2012,女,1007000
8,茨城,2012,男女計,2943000
8,茨城,2012,男,1467000
8,茨城,2012,女,1476000
9,栃木,2012,男女計,1992000
9,栃木,2012,男,989000
9,栃木,2012,女,1002000
10,群馬,2012,男女計,1992000
10,群馬,2012,男,980000
10,群馬,2012,女,1012000
11,埼玉,2012,男女計,7212000
11,埼玉,2012,男,3612000
11,埼玉,2012,女,3600000
12,千葉,2012,男女計,6195000
12,千葉,2012,男,3084000
12,千葉,2012,女,3111000
13,東京,2012,男女計,13230000
13,東京,2012,男,6536000
13,東京,2012,女,6694000
14,神奈川,2012,男女計,9067000
14,神奈川,2012,男,4543000
14,神奈川,2012,女,4524000
15,新潟,2012,男女計,2347000
15,新潟,2012,男,1135000
15,新潟,2012,女,1212000
16,富山,2012,男女計,1082000
16,富山,2012,男,522000
16,富山,2012,女,560000
17,石川,2012,男女計,1163000
17,石川,2012,男,562000
17,石川,2012,女,601000
18,福井,2012,男女計,799000
18,福井,2012,男,387000
18,福井,2012,女,412000
19,山梨,2012,男女計,852000
19,山梨,2012,男,417000
19,山梨,2012,女,435000
20,長野,2012,男女計,2132000
20,長野,2012,男,1037000
20,長野,2012,女,1095000
21,岐阜,2012,男女計,2061000
21,岐阜,2012,男,998000
21,岐阜,2012,女,1064000
22,静岡,2012,男女計,3735000
22,静岡,2012,男,1839000
22,静岡,2012,女,1895000
23,愛知,2012,男女計,7427000
23,愛知,2012,男,3711000
23,愛知,2012,女,3716000
24,三重,2012,男女計,1840000
24,三重,2012,男,896000
24,三重,2012,女,944000
25,滋賀,2012,男女計,1415000
25,滋賀,2012,男,699000
25,滋賀,2012,女,716000
26,京都,2012,男女計,2625000
26,京都,2012,男,1259000
26,京都,2012,女,1366000
27,大阪,2012,男女計,8856000
27,大阪,2012,男,4274000
27,大阪,2012,女,4582000
28,兵庫,2012,男女計,5571000
28,兵庫,2012,男,2663000
28,兵庫,2012,女,2908000
29,奈良,2012,男女計,1390000
29,奈良,2012,男,657000
29,奈良,2012,女,733000
30,和歌山,2012,男女計,988000
30,和歌山,2012,男,464000
30,和歌山,2012,女,523000
31,鳥取,2012,男女計,582000
31,鳥取,2012,男,277000
31,鳥取,2012,女,304000
32,島根,2012,男女計,707000
32,島根,2012,男,338000
32,島根,2012,女,368000
33,岡山,2012,男女計,1936000
33,岡山,2012,男,929000
33,岡山,2012,女,1007000
34,広島,2012,男女計,2848000
34,広島,2012,男,1374000
34,広島,2012,女,1474000
35,山口,2012,男女計,1431000
35,山口,2012,男,675000
35,山口,2012,女,756000
36,徳島,2012,男女計,776000
36,徳島,2012,男,368000
36,徳島,2012,女,407000
37,香川,2012,男女計,989000
37,香川,2012,男,477000
37,香川,2012,女,512000
38,愛媛,2012,男女計,1415000
38,愛媛,2012,男,666000
38,愛媛,2012,女,749000
39,高知,2012,男女計,752000
39,高知,2012,男,353000
39,高知,2012,女,399000
40,福岡,2012,男女計,5085000
40,福岡,2012,男,2400000
40,福岡,2012,女,2686000
41,佐賀,2012,男女計,843000
41,佐賀,2012,男,397000
41,佐賀,2012,女,446000
42,長崎,2012,男女計,1408000
42,長崎,2012,男,657000
42,長崎,2012,女,750000
43,熊本,2012,男女計,1807000
43,熊本,2012,男,849000
43,熊本,2012,女,958000
44,大分,2012,男女計,1185000
44,大分,2012,男,560000
44,大分,2012,女,625000
45,宮崎,2012,男女計,1126000
45,宮崎,2012,男,529000
45,宮崎,2012,女,597000
46,鹿児島,2012,男女計,1690000
46,鹿児島,2012,男,790000
46,鹿児島,2012,女,900000
47,沖縄,2012,男女計,1409000
47,沖縄,2012,男,691000
47,沖縄,2012,女,718000
0,全国,2013,男女計,127298000
0,全国,2013,男,61909000
0,全国,2013,女,65388000
1,北海道,2013,男女計,5431000
1,北海道,2013,男,2561000
1,北海道,2013,女,2870000
2,青森,2013,男女計,1335000
2,青森,2013,男,627000
2,青森,2013,女,708000
3,岩手,2013,男女計,1295000
3,岩手,2013,男,619000
3,岩手,2013,女,676000
4,宮城,2013,男女計,2328000
4,宮城,2013,男,1133000
4,宮城,2013,女,1194000
5,秋田,2013,男女計,1050000
5,秋田,2013,男,493000
5,秋田,2013,女,558000
6,山形,2013,男女計,1141000
6,山形,2013,男,548000
6,山形,2013,女,593000
7,福島,2013,男女計,1946000
7,福島,2013,男,948000
7,福島,2013,女,999000
8,茨城,2013,男女計,2931000
8,茨城,2013,男,1461000
8,茨城,2013,女,1470000
9,栃木,2013,男女計,1986000
9,栃木,2013,男,986000
9,栃木,2013,女,999000
10,群馬,2013,男女計,1984000
10,群馬,2013,男,976000
10,群馬,2013,女,1008000
11,埼玉,2013,男女計,7222000
11,埼玉,2013,男,3615000
11,埼玉,2013,女,3608000
12,千葉,2013,男女計,6192000
12,千葉,2013,男,3080000
12,千葉,2013,女,3112000
13,東京,2013,男女計,13300000
13,東京,2013,男,6566000
13,東京,2013,女,6733000
14,神奈川,2013,男女計,9079000
14,神奈川,2013,男,4544000
14,神奈川,2013,女,4535000
15,新潟,2013,男女計,2330000
15,新潟,2013,男,1127000
15,新潟,2013,女,1203000
16,富山,2013,男女計,1076000
16,富山,2013,男,519000
16,富山,2013,女,557000
17,石川,2013,男女計,1159000
17,石川,2013,男,561000
17,石川,2013,女,598000
18,福井,2013,男女計,795000
18,福井,2013,男,385000
18,福井,2013,女,410000
19,山梨,2013,男女計,847000
19,山梨,2013,男,414000
19,山梨,2013,女,433000
20,長野,2013,男女計,2122000
20,長野,2013,男,1031000
20,長野,2013,女,1090000
21,岐阜,2013,男女計,2051000
21,岐阜,2013,男,993000
21,岐阜,2013,女,1059000
22,静岡,2013,男女計,3723000
22,静岡,2013,男,1833000
22,静岡,2013,女,1890000
23,愛知,2013,男女計,7443000
23,愛知,2013,男,3718000
23,愛知,2013,女,3724000
24,三重,2013,男女計,1833000
24,三重,2013,男,893000
24,三重,2013,女,940000
25,滋賀,2013,男女計,1416000
25,滋賀,2013,男,700000
25,滋賀,2013,女,716000
26,京都,2013,男女計,2617000
26,京都,2013,男,1254000
26,京都,2013,女,1363000
27,大阪,2013,男女計,8849000
27,大阪,2013,男,4267000
27,大阪,2013,女,4582000
28,兵庫,2013,男女計,5558000
28,兵庫,2013,男,2655000
28,兵庫,2013,女,2903000
29,奈良,2013,男女計,1383000
29,奈良,2013,男,653000
29,奈良,2013,女,730000
30,和歌山,2013,男女計,979000
30,和歌山,2013,男,461000
30,和歌山,2013,女,519000
31,鳥取,2013,男女計,578000
31,鳥取,2013,男,275000
31,鳥取,2013,女,302000
32,島根,2013,男女計,702000
32,島根,2013,男,336000
32,島根,2013,女,366000
33,岡山,2013,男女計,1930000
33,岡山,2013,男,926000
33,岡山,2013,女,1004000
34,広島,2013,男女計,2840000
34,広島,2013,男,1370000
34,広島,2013,女,1470000
35,山口,2013,男女計,1420000
35,山口,2013,男,670000
35,山口,2013,女,750000
36,徳島,2013,男女計,770000
36,徳島,2013,男,366000
36,徳島,2013,女,404000
37,香川,2013,男女計,985000
37,香川,2013,男,475000
37,香川,2013,女,510000
38,愛媛,2013,男女計,1405000
38,愛媛,2013,男,661000
38,愛媛,2013,女,744000
39,高知,2013,男女計,745000
39,高知,2013,男,350000
39,高知,2013,女,395000
40,福岡,2013,男女計,5090000
40,福岡,2013,男,2402000
40,福岡,2013,女,2688000
41,佐賀,2013,男女計,840000
41,佐賀,2013,男,396000
41,佐賀,2013,女,444000
42,長崎,2013,男女計,1397000
42,長崎,2013,男,652000
42,長崎,2013,女,745000
43,熊本,2013,男女計,1801000
43,熊本,2013,男,847000
43,熊本,2013,女,955000
44,大分,2013,男女計,1178000
44,大分,2013,男,557000
44,大分,2013,女,621000
45,宮崎,2013,男女計,1120000
45,宮崎,2013,男,526000
45,宮崎,2013,女,594000
46,鹿児島,2013,男女計,1680000
46,鹿児島,2013,男,785000
46,鹿児島,2013,女,894000
47,沖縄,2013,男女計,1415000
47,沖縄,2013,男,694000
47,沖縄,2013,女,721000
0,全国,2014,男女計,127083000
0,全国,2014,男,61801000
0,全国,2014,女,65282000
1,北海道,2014,男女計,5400000
1,北海道,2014,男,2545000
1,北海道,2014,女,2855000
2,青森,2014,男女計,1321000
2,青森,2014,男,620000
2,青森,2014,女,701000
3,岩手,2014,男女計,1284000
3,岩手,2014,男,614000
3,岩手,2014,女,670000
4,宮城,2014,男女計,2328000
4,宮城,2014,男,1134000
4,宮城,2014,女,1194000
5,秋田,2014,男女計,1037000
5,秋田,2014,男,486000
5,秋田,2014,女,551000
6,山形,2014,男女計,1131000
6,山形,2014,男,543000
6,山形,2014,女,588000
7,福島,2014,男女計,1935000
7,福島,2014,男,944000
7,福島,2014,女,991000
8,茨城,2014,男女計,2919000
8,茨城,2014,男,1455000
8,茨城,2014,女,1464000
9,栃木,2014,男女計,1980000
9,栃木,2014,男,984000
9,栃木,2014,女,996000
10,群馬,2014,男女計,1976000
10,群馬,2014,男,973000
10,群馬,2014,女,1003000
11,埼玉,2014,男女計,7239000
11,埼玉,2014,男,3622000
11,埼玉,2014,女,3617000
12,千葉,2014,男女計,6197000
12,千葉,2014,男,3082000
12,千葉,2014,女,3115000
13,東京,2014,男女計,13390000
13,東京,2014,男,6608000
13,東京,2014,女,6782000
14,神奈川,2014,男女計,9096000
14,神奈川,2014,男,4548000
14,神奈川,2014,女,4548000
15,新潟,2014,男女計,2313000
15,新潟,2014,男,1119000
15,新潟,2014,女,1194000
16,富山,2014,男女計,1070000
16,富山,2014,男,516000
16,富山,2014,女,554000
17,石川,2014,男女計,1156000
17,石川,2014,男,560000
17,石川,2014,女,596000
18,福井,2014,男女計,790000
18,福井,2014,男,382000
18,福井,2014,女,407000
19,山梨,2014,男女計,841000
19,山梨,2014,男,411000
19,山梨,2014,女,430000
20,長野,2014,男女計,2109000
20,長野,2014,男,1025000
20,長野,2014,女,1084000
21,岐阜,2014,男女計,2041000
21,岐阜,2014,男,988000
21,岐阜,2014,女,1053000
22,静岡,2014,男女計,3705000
22,静岡,2014,男,1824000
22,静岡,2014,女,1881000
23,愛知,2014,男女計,7455000
23,愛知,2014,男,3725000
23,愛知,2014,女,3731000
24,三重,2014,男女計,1825000
24,三重,2014,男,890000
24,三重,2014,女,936000
25,滋賀,2014,男女計,1416000
25,滋賀,2014,男,699000
25,滋賀,2014,女,716000
26,京都,2014,男女計,2610000
26,京都,2014,男,1250000
26,京都,2014,女,1359000
27,大阪,2014,男女計,8836000
27,大阪,2014,男,4256000
27,大阪,2014,女,4579000
28,兵庫,2014,男女計,5541000
28,兵庫,2014,男,2645000
28,兵庫,2014,女,2896000
29,奈良,2014,男女計,1376000
29,奈良,2014,男,649000
29,奈良,2014,女,726000
30,和歌山,2014,男女計,971000
30,和歌山,2014,男,457000
30,和歌山,2014,女,515000
31,鳥取,2014,男女計,574000
31,鳥取,2014,男,274000
31,鳥取,2014,女,300000
32,島根,2014,男女計,697000
32,島根,2014,男,334000
32,島根,2014,女,363000
33,岡山,2014,男女計,1924000
33,岡山,2014,男,923000
33,岡山,2014,女,1001000
34,広島,2014,男女計,2833000
34,広島,2014,男,1367000
34,広島,2014,女,1466000
35,山口,2014,男女計,1408000
35,山口,2014,男,665000
35,山口,2014,女,744000
36,徳島,2014,男女計,764000
36,徳島,2014,男,363000
36,徳島,2014,女,401000
37,香川,2014,男女計,981000
37,香川,2014,男,473000
37,香川,2014,女,508000
38,愛媛,2014,男女計,1395000
38,愛媛,2014,男,657000
38,愛媛,2014,女,738000
39,高知,2014,男女計,738000
39,高知,2014,男,347000
39,高知,2014,女,391000
40,福岡,2014,男女計,5091000
40,福岡,2014,男,2403000
40,福岡,2014,女,2688000
41,佐賀,2014,男女計,835000
41,佐賀,2014,男,393000
41,佐賀,2014,女,442000
42,長崎,2014,男女計,1386000
42,長崎,2014,男,648000
42,長崎,2014,女,739000
43,熊本,2014,男女計,1794000
43,熊本,2014,男,844000
43,熊本,2014,女,950000
44,大分,2014,男女計,1171000
44,大分,2014,男,554000
44,大分,2014,女,617000
45,宮崎,2014,男女計,1114000
45,宮崎,2014,男,523000
45,宮崎,2014,女,591000
46,鹿児島,2014,男女計,1668000
46,鹿児島,2014,男,780000
46,鹿児島,2014,女,888000
47,沖縄,2014,男女計,1421000
47,沖縄,2014,男,697000
47,沖縄,2014,女,724000
